플랫폼,브랜드,제품명,중분류_순위,대분류,중분류,소분류,평점,후기 수,정가,할인가
올리브영,에스트라,에스트라 아토베리어365 크림 80ML 더블기획 (+세라히알 앰플 7ML+에이시카 세럼 3ML),1,스킨케어,크림,크림,4.9,25321,59400,44500.0
올리브영,에스트라,에스트라 아토베리어365 세라-히알 속수분 앰플 30ML+15ML 기획,2,스킨케어,에센스/세럼/앰플,에센스/세럼/앰플,4.8,1957,33000,24700.0
올리브영,에스트라,에스트라 아토베리어365 로션 150ml 리필 기획 (+150ML 리필 파우치 + 에이시카 세럼 3ML),3,스킨케어,로션,로션,4.9,2688,53400,39900.0
올리브영,바이오힐보,바이오힐보 프로바이오덤 콜라겐 리모델링 세럼 30ml 리필 기획 (+프로그램14ml),4,스킨케어,에센스/세럼/앰플,에센스/세럼/앰플,4.7,2226,49500,27300.0
올리브영,구달,구달 청귤 비타C 잡티케어 세럼 70ml 대용량 어워즈 한정기획,5,스킨케어,에센스/세럼/앰플,에센스/세럼/앰플,4.8,28846,50000,32900.0
올리브영,바이오더마,바이오더마 시카비오 크림+ 100ml 기획 (+40ml 증정),6,스킨케어,크림,크림,4.8,3561,43000,33900.0
올리브영,토리든,토리든 다이브인 저분자 히알루론산 세럼 50ml 리필기획(+리필팩 50ml),7,스킨케어,에센스/세럼/앰플,에센스/세럼/앰플,4.9,39708,36000,27000.0
올리브영,에스트라,에스트라 아토베리어365 크림미스트 120ml,8,스킨케어,미스트/오일,미스트/픽서,4.7,8269,23000,17200.0
올리브영,닥터자르트,닥터자르트 시카페어 인텐시브 수딩 리페어 세럼 30ml 1+1 기획,9,스킨케어,에센스/세럼/앰플,에센스/세럼/앰플,4.8,386,49000,41650.0
올리브영,라로슈포제,라로슈포제 시카플라스트 밤 B5+ 200ml 기획 (+시카PRO마스크 1매),10,스킨케어,크림,크림,4.8,21891,70000,49900.0
올리브영,차앤박,차앤박 더마앤서 액티브 부스트 PDRN앰플 30ml 기획 (+15ml 증정),11,스킨케어,에센스/세럼/앰플,에센스/세럼/앰플,4.9,4954,39000,26900.0
올리브영,웰라쥬,웰라쥬 리얼 히알루로닉 블루 100 앰플 75ml 1+1 기획,12,스킨케어,에센스/세럼/앰플,에센스/세럼/앰플,4.8,25115,46000,29900.0
올리브영,바이오더마,바이오더마 시카비오 포마드 100ml(리페어 리치 밤),13,스킨케어,크림,크림,4.8,11483,38000,28900.0
올리브영,바이오힐보,바이오힐보 프로바이오덤 콜라겐 리모델링 세럼 30ml+30ml 더블기획,14,스킨케어,에센스/세럼/앰플,에센스/세럼/앰플,4.7,1401,49500,27300.0
올리브영,셀라딕스,셀라딕스 세범 리밸런싱 RX 131 앰플,15,스킨케어,에센스/세럼/앰플,에센스/세럼/앰플,4.7,1277,28900,25400.0
올리브영,차앤박,차앤박 프로폴리스 에너지 액티브 앰플 30ml 트리플 기획,16,스킨케어,에센스/세럼/앰플,에센스/세럼/앰플,4.8,4069,74000,42900.0
올리브영,에스네이처,에스네이처 아쿠아 스쿠알란 수분크림 60ml 더블 기획(60ml+60ml),17,스킨케어,크림,크림,4.8,27393,43000,23500.0
올리브영,닥터지,닥터지 레드 블레미쉬 클리어 수딩 크림 기획세트 (100ml/150ml구성),18,스킨케어,크림,크림,4.8,27478,38000,26600.0
올리브영,바이오더마,바이오더마 하이드라비오 에센스 로션 200ml(화장솜 증정),19,스킨케어,에센스/세럼/앰플,에센스/세럼/앰플,4.8,10541,35000,23500.0
올리브영,라네즈,라네즈 크림스킨 170ml 리필기획 (+170ml 리필+미스트펌프 증정),20,스킨케어,스킨/토너,스킨/토너,4.8,11581,33000,23700.0
올리브영,바이오힐보,바이오힐보 프로바이오덤 3D 리프팅 크림 50ml 리필기획 (+윤곽마스크 2매)(올리지오 콜라보),21,스킨케어,크림,크림,4.8,2519,75800,40900.0
올리브영,메디큐브,메디큐브 연어 PDRN 핑크 앰플 더블기획 (30ml+30ml),22,스킨케어,에센스/세럼/앰플,에센스/세럼/앰플,4.7,2506,46000,25900.0
올리브영,라로슈포제,라로슈포제 시카플라스트 크림 B5 100ml 기획 (+시카토너 50ml+시카크림 3ml 증정),23,스킨케어,크림,크림,4.7,4152,50000,38100.0
올리브영,파티온,파티온 노스카나인 트러블 세럼 기획 (50ml+15ml),24,스킨케어,에센스/세럼/앰플,에센스/세럼/앰플,4.9,35014,38000,27900.0
올리브영,반코르,반코르 닥터 덱스판테놀 크림 60ml,25,스킨케어,크림,크림,4.7,149,22500,19130.0
올리브영,토리든,토리든 다이브인 수딩 크림 더블 기획세트(100ml+100ml),26,스킨케어,크림,크림,4.8,9723,42000,29400.0
올리브영,아누아,아누아 피디알엔 히알루론산 캡슐 100 세럼 30ml 기획 (+1ml*5ea),27,스킨케어,에센스/세럼/앰플,에센스/세럼/앰플,4.7,5517,39000,25900.0
올리브영,피지오겔,피지오겔 DMT 페이셜 수분크림 150ml + 75ml 증정,28,스킨케어,크림,크림,4.8,6648,55000,31900.0
올리브영,퍼셀,퍼셀 20억/mL 픽셀바이옴 원액 20ml 기획 (+7ml),29,스킨케어,에센스/세럼/앰플,에센스/세럼/앰플,4.8,3783,28000,24500.0
올리브영,에스트라,에스트라 아토베리어365 하이드로에센스 200ml 기획 (+크림 30ml+무기자차선크림3ml 증정),30,스킨케어,에센스/세럼/앰플,에센스/세럼/앰플,4.8,11607,32000,24000.0
올리브영,메디큐브,메디큐브 제로 원데이 엑소좀샷 모공앰플 2000 30ml,31,스킨케어,에센스/세럼/앰플,에센스/세럼/앰플,5.0,8,22000,18810.0
올리브영,아벤느,아벤느 트릭세라 뉴트리-플루이드 로션 200ml 더블 기획 *윤광 *광채 크림,32,스킨케어,로션,로션,4.7,2042,44000,
올리브영,오드로이,오드로이 블랙체리 모공수축크림 로프디 100ml,33,스킨케어,크림,크림,4.6,201,28000,23800.0
올리브영,바이오더마,바이오더마 하이드라비오 토너 500ml 기획 (+K2 콜라보 파우치),34,스킨케어,스킨/토너,스킨/토너,4.8,16710,38000,25270.0
올리브영,제로이드,제로이드 인텐시브 크림 80ml 기획 (+수딩 크림 25ml+하이드레이팅 앰플 7ml),35,스킨케어,크림,크림,4.8,3538,32000,27360.0
올리브영,온그리디언츠,온그리디언츠 스킨 베리어 카밍 로션 기획(220ml+80ml),36,스킨케어,로션,로션,4.9,3293,39900,30510.0
올리브영,스킨앤랩,스킨앤랩 베리어덤 인텐시브 크림 50ml 1+1 기획,37,스킨케어,크림,크림,4.8,5524,23000,18400.0
올리브영,메디힐,메디힐 마데카소사이드 흔적 리페어 세럼 증량 기획(40ml+20ml),38,스킨케어,에센스/세럼/앰플,에센스/세럼/앰플,4.8,5516,26900,17900.0
올리브영,에스트라,에스트라 아토베리어365 크림 80ml,39,스킨케어,크림,크림,4.8,2861,33000,29700.0
올리브영,리얼베리어,리얼베리어 익스트림 크림 70ml 기획 (+크림 50ml + 세럼 10ml),40,스킨케어,크림,크림,4.8,4332,39000,27000.0
올리브영,비욘드,비욘드 엔젤아쿠아 수분진정크림 더블기획(150mlX2개입)(비건),41,스킨케어,크림,크림,4.8,5154,25000,20800.0
올리브영,아이소이,아이소이 잡티세럼 20ml x3트리플 어워즈 한정기획(+아이&미간패치 1set),42,스킨케어,에센스/세럼/앰플,에센스/세럼/앰플,4.8,4642,54000,39900.0
올리브영,VT,VT 리들샷 100 에센스 50ml(기획/단품),43,스킨케어,에센스/세럼/앰플,에센스/세럼/앰플,4.7,19123,32000,23500.0
올리브영,스킨앤랩,스킨앤랩 베리어덤 링거 앰플70ml(+70ml) 더블기획,44,스킨케어,에센스/세럼/앰플,에센스/세럼/앰플,5.0,8517,40000,28000.0
올리브영,차앤박,차앤박 더마앤서 배리어 리셋 크림 80ml 더블기획 (80ml+80ml),45,스킨케어,크림,크림,4.9,2533,44900,29400.0
올리브영,달바,달바 화이트 트러플 퍼스트 스프레이 세럼 100ml,46,스킨케어,미스트/오일,미스트/픽서,4.8,5490,29900,20900.0
올리브영,성분에디터,성분에디터 실크 펩타이드 인텐시브 리프팅 앰플 35ml,47,스킨케어,에센스/세럼/앰플,에센스/세럼/앰플,4.9,340,36000,14900.0
올리브영,쏘내추럴,쏘내추럴 올 데이 메이크업 픽서 더블기획 (120ml+120ml),48,스킨케어,미스트/오일,미스트/픽서,4.7,20060,42000,31500.0
올리브영,더하르나이,더하르나이 시카이드 크림 100ml+30ml 기획,49,스킨케어,크림,크림,4.8,3445,29000,19900.0
올리브영,차앤박,차앤박 프로폴리스 앰플 미스트 250ml 더블기획 (250ml+250ml),50,스킨케어,미스트/오일,미스트/픽서,4.8,6182,27000,22900.0
올리브영,바이오더마,바이오더마 하이드라비오 히알루+ 세럼 30ml 기획 (+토너 250ml 증정),51,스킨케어,에센스/세럼/앰플,에센스/세럼/앰플,4.9,1096,52000,38900.0
올리브영,프리메라,프리메라 비타티놀 세럼 21g+15g 기획/단품,52,스킨케어,에센스/세럼/앰플,에센스/세럼/앰플,4.8,5098,40000,30400.0
올리브영,셀리맥스,셀리맥스 더 리얼 노니 에너지 앰플 90ml 에디션 (80ml+10ml),53,스킨케어,에센스/세럼/앰플,에센스/세럼/앰플,4.8,12639,33000,28220.0
올리브영,아이디얼포맨,아이디얼포맨 퍼펙트 올인원(토트넘 콜라보 기획/상시기획),54,스킨케어,로션,올인원,4.9,4026,39800,29800.0
올리브영,바이오힐보,바이오힐보 프로바이오덤 3D 리프팅크림 50ml 리필기획,55,스킨케어,크림,크림,4.8,1972,70200,39900.0
올리브영,닥터자르트,닥터자르트 세라마이딘 울트라 모이스처라이징 크림 50ml 1+1 기획,56,스킨케어,크림,크림,4.8,2887,51000,43350.0
올리브영,리얼베리어,리얼베리어 익스트림 크림 라이트 65ml 1+1 기획,57,스킨케어,크림,크림,4.7,1784,35500,24200.0
올리브영,라운드랩,라운드랩 1025 독도 토너 500ml 기획 (+100ml),58,스킨케어,스킨/토너,스킨/토너,4.8,11167,30000,27000.0
올리브영,넘버즈인,넘버즈인 3번 보들보들 결 세럼 50ml 리필기획(50ml+50ml),59,스킨케어,에센스/세럼/앰플,에센스/세럼/앰플,4.7,27367,38000,28500.0
올리브영,메디힐,메디힐 마데카소사이드 흔적 리페어 세럼 40ml,60,스킨케어,에센스/세럼/앰플,에센스/세럼/앰플,4.8,5383,22000,14600.0
올리브영,아이소이,아이소이 모이스춰 닥터 장수진 수분크림100ml 한정기획(+키링&장바구니증정),61,스킨케어,크림,크림,4.8,8330,52000,28600.0
올리브영,마몽드,마몽드 포어 슈링커 바쿠치올 크림 60ml 톰과 제리 에디션 (+파우치 증정),62,스킨케어,크림,크림,4.7,1114,38000,34900.0
올리브영,성분에디터,성분에디터 그린토마토 모공앰플 30ml 1+1 더블기획,63,스킨케어,에센스/세럼/앰플,에센스/세럼/앰플,4.7,17063,25900,18100.0
올리브영,에스트라,에스트라 아토베리어365 하이드로 수딩크림 100ml 대용량 기획 (+무기자차 선크림10ml),64,스킨케어,크림,크림,4.8,11329,47000,32900.0
올리브영,에센허브,에센허브 티트리 100 오일 10ml 1+1 기획 (10ml+10ml+면봉 50ea),65,스킨케어,미스트/오일,페이스오일,4.6,4797,19800,18810.0
올리브영,닥터지,닥터지 블랙 스네일 크림 50ml 1+1 기획 (+15ml)(영양크림),66,스킨케어,크림,크림,4.9,4435,33000,29800.0
올리브영,달바,달바 화이트 트러플 바이탈 스프레이 세럼 100ml + 100ml 기획세트,67,스킨케어,미스트/오일,미스트/픽서,4.8,2050,58000,35200.0
올리브영,달바,달바 더블 세럼 앤 크림 70g,68,스킨케어,크림,크림,4.8,2391,78000,38900.0
올리브영,에스티로더,에스티로더 갈색병 30ml 기획 (갈색병 21ml 추가 증정),69,스킨케어,에센스/세럼/앰플,에센스/세럼/앰플,4.8,2882,127000,
올리브영,넘버즈인,넘버즈인 5번 글루타치온C 흔적 앰플 30ml+30ml 듀오기획,70,스킨케어,에센스/세럼/앰플,에센스/세럼/앰플,4.7,11629,46000,29900.0
올리브영,VT,VT 산삼 PDRN 에센스 100 30ml 기획/단품,71,스킨케어,에센스/세럼/앰플,에센스/세럼/앰플,4.8,995,45000,29900.0
올리브영,라로슈포제,라로슈포제 시카플라스트 밤B5+ 40ml,72,스킨케어,크림,크림,4.8,4447,26000,23400.0
올리브영,아이디얼포맨,아이디얼 포 맨 퍼펙트 올인원 기획 2024 AD(150mL+30mL),73,스킨케어,로션,올인원,4.9,1513,32000,21800.0
올리브영,넘버즈인,넘버즈인 1번 판토텐산 액티브 수딩크림 80ml+80ml 더블 기획,74,스킨케어,크림,크림,4.7,5631,40000,27200.0
올리브영,코스알엑스,코스알엑스 더 비타민C 23 톤업 미백 잡티세럼 20g 더블 기획 ( 20g * 2EA),75,스킨케어,에센스/세럼/앰플,에센스/세럼/앰플,4.7,18051,46000,32200.0
올리브영,브링그린,브링그린 티트리시카수딩토너 500mL 기획/단품,76,스킨케어,스킨/토너,스킨/토너,4.8,26535,27000,19800.0
올리브영,VT,VT 리들샷 100 에센스 50ml 더블기획,77,스킨케어,에센스/세럼/앰플,에센스/세럼/앰플,4.7,22960,56000,43500.0
올리브영,제로이드,제로이드 수딩 로션 160ml,78,스킨케어,로션,로션,4.7,378,30000,25650.0
올리브영,이니스프리,이니스프리 비타C 7일 톤업 세럼 30ML 리필 기획(+리필팩 30ML),79,스킨케어,에센스/세럼/앰플,에센스/세럼/앰플,4.9,5315,38000,27400.0
올리브영,아이디얼포맨,아이디얼포맨 퍼펙트 탄력 2종 세트 토트넘 홋스퍼 에디션(미니어처3종+콜라보양말),80,스킨케어,스킨케어세트,스킨케어세트,4.9,231,48000,33000.0
올리브영,파넬,파넬 시카마누 92세럼 더블 기획,81,스킨케어,에센스/세럼/앰플,에센스/세럼/앰플,4.7,2249,52000,28900.0
올리브영,아누아,아누아 복숭아 70 나이아신아마이드 세럼 30ml 대용량 기획세트,82,스킨케어,에센스/세럼/앰플,에센스/세럼/앰플,4.8,3612,54000,31900.0
올리브영,디오디너리,디오디너리 나이아신아마이드 10% + 징크 1% 30ml,83,스킨케어,에센스/세럼/앰플,에센스/세럼/앰플,4.6,10438,8700,
올리브영,원씽,원씽 어성초 추출물 150ml,84,스킨케어,스킨/토너,스킨/토너,4.8,813,11500,9780.0
올리브영,우르오스,우르오스 올인원 스킨밀크 200ml,85,스킨케어,로션,올인원,4.8,3948,29700,23700.0
올리브영,라운드랩,라운드랩 소나무 진정 시카 앰플 30ml+30ml,86,스킨케어,에센스/세럼/앰플,에센스/세럼/앰플,4.8,13249,43000,28000.0
올리브영,바이오힐보,바이오힐보 프로바이오덤 콜라겐 리모델링 부스터샷 프로그램 35ml,87,스킨케어,에센스/세럼/앰플,에센스/세럼/앰플,4.9,145,42900,27800.0
올리브영,아이디얼포맨,아이디얼포맨 퍼펙트/시카 올인원(토트넘 콜라보 기획/상시기획),88,스킨케어,로션,올인원,4.9,4720,39800,29800.0
올리브영,에스네이처,에스네이처 아쿠아 스쿠알란 세럼 50ml 기획(+50ml리필+수분크림10ml),89,스킨케어,에센스/세럼/앰플,에센스/세럼/앰플,4.8,9742,35000,22900.0
올리브영,샤이샤이샤이,샤이샤이샤이 리포좀 리페어 밀키 크림 50ml,90,스킨케어,크림,크림,4.8,312,28000,19600.0
올리브영,브링그린,브링그린 징크테카 트러블 세럼 한정기획,91,스킨케어,에센스/세럼/앰플,에센스/세럼/앰플,4.7,10816,39600,24800.0
올리브영,이즈앤트리,이즈앤트리 어니언 뉴페어 겔크림 50ml 기획 (+20ml +패드2매),92,스킨케어,크림,크림,4.7,7705,32000,20900.0
올리브영,아이오페,아이오페 레티놀 슈퍼 바운스 세럼 30ml 기획 (+20ml+선 프로텍터 25ml),93,스킨케어,에센스/세럼/앰플,에센스/세럼/앰플,4.9,10690,50000,42500.0
올리브영,닥터자르트,닥터자르트 시카페어 인텐시브 수딩 리페어 크림 50ml 1+1 기획,94,스킨케어,크림,크림,4.8,2185,50000,42500.0
올리브영,이니스프리,"이니스프리 레티놀 시카 흔적 앰플 30ml 기획 (+20ml, 마이멜로디 파우치)",95,스킨케어,에센스/세럼/앰플,에센스/세럼/앰플,4.8,11185,40000,29200.0
올리브영,구달,구달 어성초 히알루론 수딩 토너 350ml 리필 기획 (+350ml 리필),96,스킨케어,스킨/토너,스킨/토너,4.8,742,32000,24000.0
올리브영,리쥬란,리쥬란 더마 힐러 모이스처 트리트먼트 앰플 30ml 기획,97,스킨케어,에센스/세럼/앰플,에센스/세럼/앰플,4.8,768,45000,28900.0
올리브영,라로슈포제,라로슈포제 히알루B5 세럼 30ml 기획 (+3ml*2 추가증정),98,스킨케어,에센스/세럼/앰플,에센스/세럼/앰플,4.8,4399,56000,42000.0
올리브영,바이오힐보,바이오힐보 판테셀 리페어시카 크림미스트 120mL+120mL 더블기획,99,스킨케어,미스트/오일,미스트/픽서,4.8,4547,25200,24500.0
올리브영,제로이드,제로이드 인텐시브 로션 160ml 기획 (+크림 25ml),100,스킨케어,로션,로션,4.8,549,32000,27360.0
올리브영,휩드,휩드 비건 팩클렌저 130g 기획/단품 (무화버터/머그트리/유자몽),1,클렌징,클렌징폼/젤,클렌징폼/젤,4.8,2162,29000,22900.0
올리브영,마녀공장,마녀공장 퓨어 클렌징 오일 200mlX2 더블기획,2,클렌징,오일/밤,클렌징오일,4.9,13929,37000,25900.0
올리브영,바이오더마,바이오더마 센시비오 H2O 850ml 기획 (+K2 콜라보 폴딩 에코백),3,클렌징,워터/밀크,클렌징워터,4.9,82075,37500,22900.0
올리브영,비플레인,비플레인 녹두 약산성 클렌징폼 160ml + 40ml 기획,4,클렌징,클렌징폼/젤,클렌징폼/젤,4.8,10743,21900,18600.0
올리브영,바닐라코,바닐라코 클린잇제로 오리지널 클렌징밤 100ml 기획 (+미니어처키트 7ml*4개입),5,클렌징,오일/밤,클렌징밤,4.9,4121,20000,14800.0
올리브영,일소,일소 슈퍼 멜팅 세범 소프트너 150ml 기획 (+솜 40매 증정),6,클렌징,필링&스크럽,피지클리너,4.7,12860,21000,17900.0
올리브영,아렌시아,아렌시아 프레시 떡솝 클렌저 120g 기획 3종 택1 (그린/로즈힙/블루히솝),7,클렌징,클렌징폼/젤,클렌징폼/젤,4.7,3816,23000,19100.0
올리브영,풀리,풀리 비건 그린 토마토 클레이 팩 클렌저 120ml,8,클렌징,클렌징폼/젤,팩클렌저,4.8,2244,24000,17900.0
올리브영,토리든,토리든 다이브인 저분자 히알루론산 클렌징 폼 더블 기획 (150ml+150ml),9,클렌징,클렌징폼/젤,클렌징폼/젤,4.8,9457,26000,17390.0
올리브영,센카,센카 퍼펙트 휩 페이셜 워시 120g BT21 콜라보 더블 기획 (+15g),10,클렌징,클렌징폼/젤,클렌징폼/젤,4.9,2131,17600,11900.0
올리브영,마녀공장,마녀공장 퓨어&딥 클렌징 폼 1+1 기획 (120ml+120ml),11,클렌징,클렌징폼/젤,클렌징폼/젤,4.8,35694,14000,11400.0
올리브영,라로슈포제,라로슈포제 똘러리앙 포밍 클렌저 125ml 더블 기획 (+15ml*2 증정),12,클렌징,클렌징폼/젤,클렌징폼/젤,4.8,1988,60000,39900.0
올리브영,에이프릴스킨,에이프릴스킨 캐로틴 클렌징밤 기획세트(+코 칫솔 증정),13,클렌징,오일/밤,클렌징밤,4.7,4373,21000,19000.0
올리브영,비건이펙트,"비건이펙트 그린 청보리 라하 젤클렌저 205ml 트롤콜라보기획 (+토너패드 4매,하트키링)",14,클렌징,클렌징폼/젤,클렌징폼/젤,4.7,1918,22000,19000.0
올리브영,제로이드,제로이드 포밍 클렌저 240ml,15,클렌징,클렌징폼/젤,클렌징폼/젤,4.8,607,22000,18810.0
올리브영,닥터지,닥터지 브라이트닝 필링젤 기획 2종 택1 (120+60g+배리어D로션 2ml/120+120g),16,클렌징,필링&스크럽,페이셜스크럽,4.8,35316,21000,17700.0
올리브영,라로슈포제,라로슈포제 에빠끌라 딥클렌징포밍크림 125ml 기획 (+에빠폼 15ml),17,클렌징,클렌징폼/젤,클렌징폼/젤,4.8,5366,30000,22400.0
올리브영,토르홉,토르홉 카모스 블랙 소금거품 클렌저 130g+5g 기획,18,클렌징,클렌징폼/젤,클렌징폼/젤,4.8,1568,18600,12500.0
올리브영,바닐라코,바닐라코 클린잇제로 클렌징밤 100ml 기획 3종 택1 (+미니어처키트 7ml*4ea),19,클렌징,오일/밤,클렌징밤,4.9,6807,20000,14800.0
올리브영,메이크프렘,메이크프렘 세이프 미 릴리프 모이스처 클렌징 밀크 기획 (200ml+폼50ml),20,클렌징,워터/밀크,클렌징밀크/크림,4.8,7984,24000,18000.0
올리브영,비플레인,비플레인 녹두 클렌징 오일 200ml + 50ml 세트,21,클렌징,오일/밤,클렌징오일,4.8,5082,24000,19900.0
올리브영,에스네이처,에스네이처 아쿠아 라이스 약산성 클렌징폼 160ml 기획(+20ml),22,클렌징,클렌징폼/젤,클렌징폼/젤,4.8,4491,19000,15900.0
올리브영,주미소,주미소 포어 퓨리파잉 살리실산 포밍 클렌저 150g 더블 기획,23,클렌징,클렌징폼/젤,클렌징폼/젤,4.9,1304,28000,21000.0
올리브영,아누아,아누아 어성초 포어 컨트롤 클렌징오일 200ml 더블 기획,24,클렌징,오일/밤,클렌징오일,4.7,8057,40000,24900.0
올리브영,한율,한율 쑥시카 쑥떡팩폼 (120ml+15ml),25,클렌징,클렌징폼/젤,팩클렌저,4.8,2735,28000,19950.0
올리브영,바닐라코,바닐라코 클린잇제로 포어클래리파잉 클렌징밤 100ml 기획 (+미니어처키트 7ml*4개입),26,클렌징,오일/밤,클렌징밤,4.8,2656,20000,14800.0
올리브영,바이오더마,바이오더마 센시비오 H2O 500ml(클렌징워터),27,클렌징,워터/밀크,클렌징워터,4.9,62643,27000,17850.0
올리브영,프리메라,프리메라 마일드 앤 퍼펙트 페이셜 필링 기획,28,클렌징,필링&스크럽,페이셜스크럽,4.8,9529,20000,15200.0
올리브영,넘버즈인,넘버즈인 1번 말끔 순삭 클렌징 오일 400ml 대용량 기획,29,클렌징,오일/밤,클렌징오일,4.8,11744,35000,24500.0
올리브영,휩드,휩드 비건 팩클렌저 튜브형 130g (5종 중 택1),30,클렌징,클렌징폼/젤,팩클렌저,4.8,1671,29000,22900.0
올리브영,아렌시아,아렌시아 찹쌀떡솝 그린티 LHA 딥 포어 클렌저 150g 기획 (+스파츌라 브러쉬),31,클렌징,클렌징폼/젤,클렌징폼/젤,4.9,282,28000,22400.0
올리브영,몰바니,몰바니 저자극 LHA 율피 젤 클렌저 200ml 기획 (+50ml),32,클렌징,클렌징폼/젤,클렌징폼/젤,4.9,8869,28000,19800.0
올리브영,폰즈,폰즈 클리어 훼이스 스파 립&아이 리무버 120ml,33,클렌징,립&아이리무버,립&아이리무버,4.9,81629,10900,5900.0
올리브영,프리메라,프리메라 마일드 앤 퍼펙트 오일 투 폼 기획(200ml+200ml리필) / 단품,34,클렌징,클렌징폼/젤,클렌징폼/젤,4.7,1885,26000,19900.0
올리브영,에스트라,에스트라 아토베리어365 버블클렌저 150ml,35,클렌징,클렌징폼/젤,클렌징폼/젤,4.8,3405,20000,18000.0
올리브영,아누아,아누아 어성초 피지쏙 모공 폼 150ml 기획 (+25ml 증정),36,클렌징,클렌징폼/젤,클렌징폼/젤,4.7,928,14000,13500.0
올리브영,파파레서피,"파파레서피 효소 파우더 클렌저 50g 3종 택1 (블레미쉬(광채), 가지(보습), 티트리(진정))",37,클렌징,필링&스크럽,파우더워시,4.8,10484,18000,14400.0
올리브영,제로이드,제로이드 더마뉴얼 클렌징젤 200ml 기획 (+25ml),38,클렌징,클렌징폼/젤,클렌징폼/젤,4.8,359,22000,18820.0
올리브영,일리윤,일리윤 프레쉬 모이스춰 립앤아이 리무버 300ml,39,클렌징,립&아이리무버,립&아이리무버,4.7,16088,24000,14900.0
올리브영,아벤느,아벤느 클리낭스 클렌징 젤 400ml 더블 기획*피지잡는 *약산성클렌저,40,클렌징,클렌징폼/젤,클렌징폼/젤,4.7,11163,45000,37900.0
올리브영,키스미,키스미 히로인메이크 스피디 마스카라 전용 리무버,41,클렌징,립&아이리무버,립&아이리무버,4.9,14913,13000,9900.0
올리브영,라운드랩,라운드랩 1025 독도 클렌징 워터 1+1 기획 (400ml+400ml),42,클렌징,워터/밀크,클렌징워터,4.8,7056,18000,17500.0
올리브영,메이크프렘,메이크프렘 세이프 미 릴리프 모이스처 클렌징폼150ml 1+1기획,43,클렌징,클렌징폼/젤,클렌징폼/젤,4.7,26308,18000,15300.0
올리브영,센카,센카 퍼펙트 휩 스피디 150mL +150mL 2입,44,클렌징,클렌징폼/젤,클렌징폼/젤,4.8,3138,21900,18600.0
올리브영,오브제,오브제 블랙헤드 스크럽 밤 20g,45,클렌징,필링&스크럽,피지클리너,4.9,72,17800,12900.0
올리브영,폰즈,폰즈 클리어 스파 립앤아이 리무버 300ml,46,클렌징,립&아이리무버,립&아이리무버,4.9,81629,24500,
올리브영,에스네이처,에스네이처 아쿠아 라이스 클렌징오일 200ml,47,클렌징,오일/밤,클렌징오일,4.8,1045,24000,17900.0
올리브영,에이프릴스킨,에이프릴스킨 핑크 알로에 팩 클렌저 리틀어피치 에디션(+세안스펀지 증정),48,클렌징,클렌징폼/젤,팩클렌저,4.7,289,24500,17900.0
올리브영,일소,일소 슈퍼 멜팅 세범 클렌징오일 200ml 기획 (+듀얼클린브러쉬),49,클렌징,오일/밤,클렌징오일,4.9,122,20000,17900.0
올리브영,바닐라코,바닐라코 클린잇제로 포어 클래리파잉 폼 클렌저 150ml 더블기획,50,클렌징,클렌징폼/젤,클렌징폼/젤,4.8,3123,16000,12500.0
올리브영,메디필,메디필 레드 락토 콜라겐 클리어 폼 2.0 기획 (300ml+딥 해면 구성),51,클렌징,클렌징폼/젤,클렌징폼/젤,4.7,16578,24000,
올리브영,메이크프렘,메이크프렘 세이프 미 릴리프 모이스처 클렌징밀크 200ml 기획(+100ml 리필),52,클렌징,워터/밀크,클렌징밀크/크림,4.8,7137,28000,
올리브영,비오텀,비오텀 클렌징 밀크 200ml,53,클렌징,워터/밀크,클렌징밀크/크림,4.8,3207,27800,
올리브영,아크네스,아크네스 포밍워시 200㎖,54,클렌징,클렌징폼/젤,클렌징폼/젤,4.7,3510,16500,
올리브영,아렌시아,아렌시아 떡솝 프레시 그린 클렌저 120g 기획 (+로즈힙 클렌저 15g),55,클렌징,클렌징폼/젤,클렌징폼/젤,4.7,3004,23000,19100.0
올리브영,마몽드,마몽드 어메이징 딥 민트 클렌징밤 90ml 톰과 제리 에디션 (+헤어고정시트 증정),56,클렌징,오일/밤,클렌징밤,4.8,1311,27000,15900.0
올리브영,비건이펙트,비건이펙트 그린 청보리 라하 딥 클렌징 오일 205ml(+폼 30ml),57,클렌징,오일/밤,클렌징오일,4.9,1360,24900,21600.0
올리브영,센카,센카 퍼펙트 휩 아크네 케어 BT21 콜라보 100g,58,클렌징,클렌징폼/젤,클렌징폼/젤,4.8,2227,9800,6800.0
올리브영,듀이트리,듀이트리 하이 아미노 올 클렌징 밀크 200ml (기획/단품),59,클렌징,워터/밀크,클렌징밀크/크림,4.7,1013,28500,19900.0
올리브영,에스트라,에스트라 테라크네365 클리어 딥 클렌징 폼 200g,60,클렌징,클렌징폼/젤,클렌징폼/젤,4.8,2840,23000,19500.0
올리브영,라운드랩,라운드랩 1025 독도 클렌저 200ml+200ml,61,클렌징,클렌징폼/젤,클렌징폼/젤,4.8,965,28000,23500.0
올리브영,바이오더마,바이오더마 센시비오 미셀라 클렌징 오일 150ml,62,클렌징,오일/밤,클렌징오일,4.7,1562,32000,21850.0
올리브영,닥터지,닥터지 약산성 레드 블레미쉬 클리어 수딩 폼 기획2종 택 1(150ml+75ml/150ml+150ml),63,클렌징,클렌징폼/젤,클렌징폼/젤,4.8,9489,20000,15000.0
올리브영,메이크프렘,메이크프렘 세이프 미 릴리프 모이스처 클렌징오일 리필기획 (210ml+100ml 증정),64,클렌징,오일/밤,클렌징오일,4.8,5332,28000,21000.0
올리브영,바이오더마,바이오더마 센시비오 H2O eye 125ml (립앤아이리무버),65,클렌징,립&아이리무버,립&아이리무버,4.8,1552,18000,14400.0
올리브영,아리얼,아리얼 더 퍼펙트 클렌징 티슈 플러스 더블기획 (100매x2개입),66,클렌징,티슈/패드,클렌징티슈/패드,4.8,3861,19800,12200.0
올리브영,비페스타,비페스타 미셀라 립앤아이 메이크업 리무버 더블기획(145ml+145ml),67,클렌징,립&아이리무버,립&아이리무버,4.9,1225,22000,11900.0
올리브영,티스,티스 딥오프 오일 320mL 더블기획,68,클렌징,오일/밤,클렌징오일,4.8,1756,34000,25500.0
올리브영,맥스클리닉,맥스클리닉 포어리스 딥 클렌징 오일 200ml,69,클렌징,오일/밤,클렌징오일,5.0,88,24000,19200.0
올리브영,메디필,메디필 그린 시카 콜라겐 클리어 폼 2.0 기획,70,클렌징,클렌징폼/젤,클렌징폼/젤,4.8,4832,24000,
올리브영,휩드,휩드 비건 팩스크럽 210g (3종 중 택1),71,클렌징,필링&스크럽,페이셜스크럽,4.8,288,30000,23900.0
올리브영,식물나라,식물나라 제주탄산수퀵앤딥클렌징티슈 100매,72,클렌징,티슈/패드,클렌징티슈/패드,4.7,19562,8800,5500.0
올리브영,한스킨,한스킨 클렌징오일&블랙헤드 PHA 400ml 대용량,73,클렌징,오일/밤,클렌징오일,5.0,4480,35000,22800.0
올리브영,닥터지,닥터지 약산성 클렌징 젤 폼 200ml 기획 2종 택 1 (200ml+100ml / 200ml+200ml),74,클렌징,클렌징폼/젤,클렌징폼/젤,4.7,10189,25000,17500.0
올리브영,라운드어라운드,라운드어라운드 컴포트 그린티 트러블 버블폼 200ml 단품/리필기획,75,클렌징,클렌징폼/젤,클렌징폼/젤,4.8,1350,16000,12800.0
올리브영,런드리유,런드리유 클린 페이스 가글 스트롱 젤 투 폼 클렌저 기획세트(+여행용*2ea),76,클렌징,클렌징폼/젤,클렌징폼/젤,4.9,11351,22000,
올리브영,센카,센카 올 클리어 오일 230ml,77,클렌징,오일/밤,클렌징오일,4.8,1130,18900,11500.0
올리브영,스킨시그널,스킨시그널 클레이 효소클렌저 3종 택1,78,클렌징,필링&스크럽,파우더워시,4.9,2338,25000,20000.0
올리브영,일소,일소 슈퍼 멜팅 세범 소프트너 150ml 한정기획 (+솜40매+쿨링마사지기),79,클렌징,필링&스크럽,피지클리너,4.7,13429,28900,
올리브영,브링그린,브링그린 티트리시카딥클렌징폼 120mL,80,클렌징,클렌징폼/젤,클렌징폼/젤,4.8,149,10900,
올리브영,식물나라,식물나라 제주 탄산수 딥 모공 클렌징폼 150mL(단품 / 1+1기획),81,클렌징,클렌징폼/젤,클렌징폼/젤,4.8,12564,12800,10800.0
올리브영,한스킨,한스킨 클렌징오일&블랙헤드(300ml+30ml),82,클렌징,오일/밤,클렌징오일,4.8,1956,28000,19500.0
올리브영,식물나라,식물나라 제주 탄산수 휩 파워 클렌징폼 150m(단품/1+1기획),83,클렌징,클렌징폼/젤,클렌징폼/젤,4.8,4091,12800,10800.0
올리브영,닥터지,닥터지 그린딥 포어 클렌징밤 100ml,84,클렌징,오일/밤,클렌징밤,4.8,1240,24000,15000.0
올리브영,아리얼,아리얼 스트레스 릴리빙 립앤아이 리무버 패드 더블기획 (30매+30매),85,클렌징,립&아이리무버,립&아이리무버,4.9,4980,7800,5800.0
올리브영,비페스타,비페스타 클렌징오일 브라이트닝 230ml (각질&블랙헤드 제거),86,클렌징,오일/밤,클렌징오일,4.7,4427,16000,9900.0
올리브영,파티온,파티온 노스카나인 클렌징워터 500ml,87,클렌징,워터/밀크,클렌징워터,4.8,3475,18000,9900.0
올리브영,이즈앤트리,이즈앤트리 참마 비건 밀크 클렌저 220ml 리필 기획 (+리필100ml),88,클렌징,워터/밀크,클렌징밀크/크림,4.8,4262,25000,
올리브영,히야 (HYAAH),히야 마일드벗딥 클렌징 워터 300ml 기획 (+클렌징 패드 30매),89,클렌징,워터/밀크,클렌징워터,4.9,1573,30000,25000.0
올리브영,마녀공장,마녀공장 딥 클리어 클렌징밤 132ml X2 기획,90,클렌징,오일/밤,클렌징밤,4.7,3632,47000,24900.0
올리브영,아벤느,아벤느 클리낭스 클렌징 젤 400ml 더블 기획*피지잡는 *약산성클렌저,91,클렌징,클렌징폼/젤,클렌징폼/젤,4.7,12064,45000,37900.0
올리브영,그레이멜린,그레이멜린 카놀라크레이지 클렌징오일 더블 기획,92,클렌징,오일/밤,클렌징오일,4.8,3268,18000,
올리브영,일리윤,일리윤 세라마이드 더마6.0 클렌징워터폼 기획(250+30ML) 외 단품,93,클렌징,클렌징폼/젤,클렌징폼/젤,4.8,2769,21000,16800.0
올리브영,스킨1004,스킨1004 마다가스카르 센텔라 앰플 폼 125ml,94,클렌징,클렌징폼/젤,클렌징폼/젤,4.9,858,14000,11200.0
올리브영,비플레인,비플레인 녹두 밀크 필링 젤 120ml+40ml 기획,95,클렌징,필링&스크럽,페이셜스크럽,4.7,1575,22000,17600.0
올리브영,라씨엘르,라씨엘르 엔자임 곡물 클렌징 파우더워시 기획 (본품60g + 10g 추가 증정),96,클렌징,필링&스크럽,파우더워시,4.8,5341,24000,16800.0
올리브영,라운드랩,라운드랩 자작나무 수분 클렌저 150ml 기획 (+크림 20ml),97,클렌징,클렌징폼/젤,클렌징폼/젤,4.7,3277,15000,12900.0
올리브영,셀리맥스,셀리맥스 수정화장 패드 30매,98,클렌징,티슈/패드,클렌징티슈/패드,4.8,2421,16000,12800.0
올리브영,닥터자르트,닥터자르트 더마클리어 피에이치 폼 클렌저 120ml,99,클렌징,클렌징폼/젤,클렌징폼/젤,4.8,18,22000,
올리브영,아크네스,아크네스 포하 딥 클렌징오일 200ml 기획 (+30ml 증정),100,클렌징,오일/밤,클렌징오일,5.0,102,20000,16000.0
올리브영,더마토리,더마토리 히알루론 수분샘 엠보 패드 60매+10매 기획,1,마스크팩,패드,패드,4.6,8,26000,17600.0
올리브영,더마토리,더마토리 시카 엑소좀 흔적 진정 거즈 패드 70매+10매 기획,2,마스크팩,패드,패드,4.9,14,26000,17600.0
올리브영,더마토리,더마토리 살리시닉 포어 클리어 블랙 패드 70매+10매 기획 세트,3,마스크팩,패드,패드,4.9,143,26000,17600.0
올리브영,메디힐,메디힐 네모패드 100+100매 더블기획 7종 골라담기,4,마스크팩,패드,패드,4.7,26581,39900,28900.0
올리브영,메디힐,메디힐 에센셜 마스크팩 1매 고기능 7종 택1,5,마스크팩,시트팩,시트팩,4.9,229962,2000,1000.0
올리브영,메디힐,메디힐 마데카소사이드 에센셜 마스크 흔적 리페어,6,마스크팩,시트팩,시트팩,4.9,29652,20000,10000.0
올리브영,메디힐,메디힐 네모패드 100매 피부 고민별 골라담기,7,마스크팩,패드,패드,4.7,26580,26000,17900.0
올리브영,마몽드,마몽드 플로라 글로우 로즈 리퀴드 마스크 80ml 톰과 제리 에디션 (+스마트톡 증정),8,마스크팩,페이셜팩,워시오프팩,4.8,3723,37000,29500.0
올리브영,스킨푸드,스킨푸드 캐롯 카로틴 카밍 워터 패드 60매+30매 한정기획 (+10매+캐롯시트 1매),9,마스크팩,패드,패드,4.8,13476,32000,21900.0
올리브영,SNP,SNPx유미어스 글루타치온 다크 제로 토닝 패치 더블 기획(60매+60매+토끼찡 스티커),10,마스크팩,패치,패치,4.8,2628,34000,27300.0
올리브영,토리든,토리든 다이브인 저분자 히알루론산 마스크 10매,11,마스크팩,시트팩,시트팩,4.9,2830,30000,14350.0
올리브영,한율,한율 5분 잡티톤업패드/트러블진정패드/모공청소패드 (달빛유자/어린쑥/부들밤),12,마스크팩,패드,패드,4.8,2425,29000,17900.0
올리브영,메디큐브,메디큐브 제로모공패드 2.0 140매 기획 (70매 + 70매 리필),13,마스크팩,패드,패드,4.7,6497,33000,28900.0
올리브영,메디힐,메디힐 에센셜 마스크팩 10매 고기능 7종 택1,14,마스크팩,시트팩,시트팩,4.9,338313,20000,10000.0
올리브영,넘버즈인,넘버즈인 토너패드 리필기획 3종 중 택 1 (1번/4번/5번),15,마스크팩,패드,패드,4.8,14759,42000,27300.0
올리브영,바이오던스,바이오던스 바이오 콜라겐 리얼 딥 마스크 7매,16,마스크팩,시트팩,시트팩,4.7,12119,35000,29900.0
올리브영,프리메라,프리메라 비타티놀 세럼 메가-샷 겔마스크 기획/단품,17,마스크팩,시트팩,시트팩,4.7,1472,28000,20900.0
올리브영,비건이펙트,비건이펙트 랩핑 저분자 콜라겐팩,18,마스크팩,페이셜팩,필오프팩,4.9,1269,22500,21300.0
올리브영,토르홉,토르홉 사우난지앙 솔트마스크 90g+15g 한정 기획,19,마스크팩,페이셜팩,워시오프팩,4.7,4021,31500,24500.0
올리브영,메디큐브,메디큐브 콜라겐 나이트 랩핑 마스크 75ml,20,마스크팩,페이셜팩,워시오프팩,4.4,304,37800,22000.0
올리브영,아로셀,아로셀 슈퍼 콜라겐 마스크 3+1매 (+콜라겐 30만샷 앰플 사셰 증정) 한정 기획,21,마스크팩,시트팩,시트팩,4.8,1715,24000,21500.0
올리브영,넘버즈인,넘버즈인 1번~5번 마스크팩 5종 중 택 1,22,마스크팩,시트팩,시트팩,4.8,59067,4000,2000.0
올리브영,스킨푸드,스킨푸드 캐롯 카로틴 카밍 워터 패드 기획(60매+30매 증정),23,마스크팩,패드,패드,4.9,689,32000,21700.0
올리브영,바이오힐보,바이오힐보 프로바이오덤 3D 리프팅 풀 페이스 윤곽마스크 3매 기획(+앰플 5ml),24,마스크팩,시트팩,시트팩,4.5,3080,21000,10900.0
올리브영,넘버즈인,넘버즈인 9번 NMN BIO 리프팅 풀페이스팩 4매(+땡김이원단 증정기획),25,마스크팩,시트팩,시트팩,4.7,1164,20000,12000.0
올리브영,아비브,아비브 껌딱지 시트 마스크 어성초 스티커 5매 (+1매 증정기획),26,마스크팩,시트팩,시트팩,4.9,39953,20000,10000.0
올리브영,일소,일소 네추럴 마일드 클리어 노우즈 팩 10매 기획,27,마스크팩,코팩,코팩,4.7,34111,25000,20500.0
올리브영,리터니티,리터니티 율무 스킨클린 팩 120g (천연곡물팩),28,마스크팩,페이셜팩,워시오프팩,4.7,429,34000,28900.0
올리브영,메디힐,메디힐 콜라겐 탄력 패드 기획세트,29,마스크팩,패드,패드,4.8,3981,39900,28900.0
올리브영,더마토리,더마토리 프로 앰플 마스크 1매 4종 택1 (수분/탄력/미백/진정),30,마스크팩,시트팩,시트팩,4.8,7281,2000,1000.0
올리브영,아비브,아비브 어성초 스팟 패드 카밍터치 140매 대용량 기획,31,마스크팩,패드,패드,4.7,10533,39000,27300.0
올리브영,메디힐,메디힐 하이퍼 콜라겐 마스크 5매 (+1매 증정기획),32,마스크팩,시트팩,시트팩,4.8,3701,22500,16900.0
올리브영,케어플러스,케어플러스 슬리핑 코팩 카밍 4매,33,마스크팩,코팩,코팩,5.0,2,9500,5200.0
올리브영,스킨푸드,스킨푸드 캐롯 카로틴 카밍 워터 패드 기획 (60매+10매증정),34,마스크팩,패드,패드,4.8,61247,26000,
올리브영,바이오힐보,바이오힐보 프로바이오덤 콜라겐 리모델링 세럼 겔 마스크 7+3매 증정 기획세트,35,마스크팩,시트팩,시트팩,4.8,3235,42000,22000.0
올리브영,메디큐브,메디큐브 제로 모공 패드 2.0 70매,36,마스크팩,패드,패드,4.7,13668,24500,17900.0
올리브영,일소,일소 네추럴 마일드 클리어 노우즈 팩 5매입,37,마스크팩,코팩,코팩,4.7,26648,12900,11900.0
올리브영,라운드랩,라운드랩 자작나무 수분 패드 더블 기획 (80매+80매),38,마스크팩,패드,패드,4.9,11732,34000,28000.0
올리브영,바이오던스,바이오던스 하이드로 세라놀 리얼 딥 마스크 7매,39,마스크팩,시트팩,시트팩,4.8,946,35000,29900.0
올리브영,아비브,아비브 약산성 pH 시트 마스크 어성초 핏 5매 (+1매 증정 기획),40,마스크팩,시트팩,시트팩,4.8,55022,20000,12000.0
올리브영,넘버즈인,넘버즈인 1번~5번 마스크팩 10매 기획 5종 중 택 1,41,마스크팩,시트팩,시트팩,4.8,59047,40000,18000.0
올리브영,비플레인,비플레인 녹두 모공 클레이 팩 120ml (+12ml*4ea 증정기획),42,마스크팩,페이셜팩,워시오프팩,4.7,11248,24000,
올리브영,SNP,SNPx유미어스 골드 콜라겐 퍼펙션 아이패치 더블 기획(60매+60매+곰돌찡 스티커),43,마스크팩,패치,패치,4.8,1361,34000,28900.0
올리브영,메디힐,메디힐 에센셜 마스크팩 2+2매 고기능 6종 택1,44,마스크팩,시트팩,시트팩,4.9,54617,4000,3900.0
올리브영,더마토리,더마토리 밀착 밴드 마스크 3종 택1 (시카(AD)/레티날/히알덤),45,마스크팩,시트팩,시트팩,4.8,16545,4000,2000.0
올리브영,바이오힐보,바이오힐보 프로바이오덤 콜라겐 리모델링 세럼 패드 기획세트 (+세럼13ml증정),46,마스크팩,패드,패드,4.7,2686,28000,16800.0
올리브영,하우스오브비,하우스오브비 글루타치온 페이스필름 4매,47,마스크팩,시트팩,시트팩,4.9,1002,40000,29900.0
올리브영,구달,구달 청귤 비타C 잡티케어 패드 70매 (+10매 증정),48,마스크팩,패드,패드,4.8,3681,26000,17290.0
올리브영,메디힐,메디힐 더마 시너지 랩핑 마스크 1매 5종 택1,49,마스크팩,시트팩,시트팩,4.8,4448,3500,1900.0
올리브영,구달,구달 청귤 비타C 수분 아이패치 60매,50,마스크팩,패치,패치,4.6,5856,20000,15200.0
올리브영,한율,한율 5분 트러블진정패드 60+10매 (어린쑥패드),51,마스크팩,패드,패드,4.8,1381,29000,17900.0
올리브영,셀퓨전씨,셀퓨전씨 포스트 알파 퍼스트 쿨링 마스크 1P,52,마스크팩,시트팩,시트팩,4.8,14706,3000,1500.0
올리브영,아누아,아누아 어성초 77 모공쫀쫀 패드 70매 기획 (+70매 리필팩),53,마스크팩,패드,패드,4.8,262,45000,31500.0
올리브영,메디힐, 메디힐 레티놀 콜라겐 윤곽 마스크 1매 2종 택 1 ,54,마스크팩,시트팩,시트팩,4.8,3984,4000,2000.0
올리브영,토리든,토리든 마스크 시트 1매 3종 택 1(수분/진정/브라이트닝),55,마스크팩,시트팩,시트팩,4.9,6425,3000,1500.0
올리브영,라네즈,라네즈 워터 슬리핑 마스크 70ml 기획 (+30ml+바운시&펌 20ml 증정),56,마스크팩,페이셜팩,슬리핑팩,4.8,2551,34000,21400.0
올리브영,스킨푸드,스킨푸드 데일리 마스크 30매 5종 중 택1,57,마스크팩,시트팩,시트팩,4.8,627,27000,18900.0
올리브영,바이오힐보,바이오힐보 프로바이오덤 콜라겐 리모델링 아이패치 60매,58,마스크팩,패치,패치,4.7,269,23000,13800.0
올리브영,바이오힐보,바이오힐보 프로바이오덤 콜라겐 리모델링 세럼 겔 마스크 5+1매 증정 기획세트,59,마스크팩,시트팩,시트팩,4.8,3765,30000,15000.0
올리브영,브링그린,브링그린 티트리 시카 포어 클레이팩 스트롱 100g,60,마스크팩,페이셜팩,워시오프팩,4.7,11592,19000,10800.0
올리브영,브링그린,브링그린 프레시마스크 1매 5종,61,마스크팩,시트팩,시트팩,4.8,45304,1800,
올리브영,코스알엑스,코스알엑스 원스텝 패드 90매 더블기획 3종 중 택1,62,마스크팩,패드,패드,4.8,18940,32000,25600.0
올리브영,브링그린,브링그린 티트리시카포어코팩 5매입,63,마스크팩,코팩,코팩,4.8,10227,11800,
올리브영,메디힐, 메디힐 하이퍼 마스크 1매 2종 택 1 ,64,마스크팩,시트팩,시트팩,4.7,3499,4500,3300.0
올리브영,바이오힐보,바이오힐보 프로바이오덤 콜라겐 리모델링 세럼 패드 리필 기획(리필70매),65,마스크팩,패드,패드,4.7,2993,44800,28900.0
올리브영,얼트루,아임쏘리포마이스킨 pH5.5 수딩 젤리마스크,66,마스크팩,시트팩,시트팩,4.7,324,3000,1500.0
올리브영,린제이,린제이 모델링 마스크 7종 택1,67,마스크팩,페이셜팩,모델링팩,4.8,70407,3000,2500.0
올리브영,토리든,토리든 다이브인 멀티패드 80매 기획 (+멀티패드 10매),68,마스크팩,패드,패드,4.7,6652,23000,16100.0
올리브영,메디필,메디필 랩핑 마스크팩 70mL 브러시 기획세트 2종 택1(레드락토 콜라겐/히알루론산 물톡스),69,마스크팩,페이셜팩,필오프팩,4.7,6548,25000,
올리브영,유세린,유세린 울트라 센시티브 리페어 마스크팩 5매,70,마스크팩,시트팩,시트팩,4.8,1802,30000,
올리브영,듀이트리,듀이트리 AC컨트롤 EX 딥 그린 카밍 패드 60매기획(+20매증정),71,마스크팩,패드,패드,4.8,5405,24000,18000.0
올리브영,브링그린,브링그린 티트리시카트러블수딩토너패드 핑크에디션 90매 리필기획(+90매+오징어게임2 세안밴드),72,마스크팩,패드,패드,4.8,5947,37800,20800.0
올리브영,메디큐브,메디큐브 엑소좀 시카 진정 패드 100매,73,마스크팩,패드,패드,4.7,502,23800,17900.0
올리브영,아로셀,아로셀 보툴케어 모공 마스크 3+1매 (+모공톡스 앰플 사셰 증정) 한정 기획,74,마스크팩,시트팩,시트팩,4.9,475,27000,24300.0
올리브영,메디힐,메디힐 더마 모델링 팩 풀패키지 5종 골라담기,75,마스크팩,페이셜팩,모델링팩,4.8,16912,5000,
올리브영,메디앤서,메디앤서 비타 콜라겐 나노샷 마스크 10매,76,마스크팩,시트팩,시트팩,4.9,11,60000,29000.0
올리브영,아비브,아비브 약산성 pH 시트 마스크 핏 1매 5종 택 1,77,마스크팩,시트팩,시트팩,4.8,45608,4000,2400.0
올리브영,바이오힐보,바이오힐보 판테셀 리페어시카 퀵수딩마스크 30매,78,마스크팩,시트팩,시트팩,4.8,810,26000,16900.0
올리브영,토르홉,토르홉 무스타 콩테 체인저블 퀵 마스크 90g,79,마스크팩,페이셜팩,워시오프팩,4.8,926,30500,22800.0
올리브영,CKD,CKD 레티노콜라겐 저분자300 모공탄력 마스크 4+1 기획,80,마스크팩,시트팩,시트팩,4.7,11361,20000,14500.0
올리브영,바이오던스,바이오던스 바이오 콜라겐 리얼 딥 마스크 16매,81,마스크팩,시트팩,시트팩,4.7,8417,80000,68000.0
올리브영,메디큐브,메디큐브 패드 1+1 리필기획 3종 택1,82,마스크팩,패드,패드,4.7,7771,33000,28900.0
올리브영,스트라이덱스,스트라이덱스 센시티브 패드 90매,83,마스크팩,패드,패드,4.7,21374,13900,11800.0
올리브영,리쥬란,리쥬란 더마힐러 모이스처 트리트먼트 마스크팩 5매,84,마스크팩,시트팩,시트팩,4.8,553,28000,16900.0
올리브영,바이오던스,바이오던스 겔 토너 패드 60매 (씨켈프/비타),85,마스크팩,패드,패드,4.9,46,26000,19900.0
올리브영,에스네이처,에스네이처 아쿠아 오아시스 판테알란 카밍패드 60매,86,마스크팩,패드,패드,4.9,1749,26000,19500.0
올리브영,아누아,아누아 복숭아 70 나이아신아마이드 세럼 마스크 10매입,87,마스크팩,시트팩,시트팩,4.8,4775,40000,19500.0
올리브영,에스네이처,에스네이처 수퍼 아쿠아겔 오아시스 앰플 마스크 10매,88,마스크팩,시트팩,시트팩,4.8,3782,30000,16000.0
올리브영,아누아,아누아 비타민씨 나이아신 톤업 잡티 패드 60매,89,마스크팩,패드,패드,5.0,49,24000,18900.0
올리브영,메디앤서,메디앤서 포어 콜라겐 나노샷 마스크 10매,90,마스크팩,시트팩,시트팩,4.4,16,60000,
올리브영,에스트라,에스트라 에이시카365 쿨링팩패드 pH4.5 60매,91,마스크팩,패드,패드,5.0,5,28000,
올리브영,한율,한율 부들밤 모공수축 패드 50매(+20매 기획),92,마스크팩,패드,패드,4.8,1065,29000,17900.0
올리브영,메디힐,메디힐 W.H.P 미백수분 블랙 마스크 EX 10매,93,마스크팩,시트팩,시트팩,4.8,2617,30000,15000.0
올리브영,스킨푸드,스킨푸드 수비드 마스크시트 1매 10종 중 택1,94,마스크팩,시트팩,시트팩,4.8,3347,1100,880.0
올리브영,한율,한율 달빛유자 수면팩 70ml (+35ml 증정기획),95,마스크팩,페이셜팩,슬리핑팩,4.8,5510,34000,26800.0
올리브영,마몽드,마몽드 플로라 글로우 로즈 리퀴드 마스크 80ml 기획 (+패드 20매 증정),96,마스크팩,페이셜팩,워시오프팩,4.8,3350,30000,20900.0
올리브영,마몽드,마몽드 플로라 글로우 로즈 리퀴드 마스크 80ml 기획 (+크림 25ml 증정),97,마스크팩,페이셜팩,워시오프팩,4.8,3350,30000,20900.0
올리브영,메디큐브,메디큐브 제로 모공 블랙헤드 머드팩 100g,98,마스크팩,페이셜팩,워시오프팩,4.4,340,21000,14400.0
올리브영,더랩바이블랑두,더랩바이블랑두 올리고 히알루론산 쏙수분 마스크팩 10매입,99,마스크팩,시트팩,시트팩,4.8,2860,30000,17000.0
올리브영,아이소이,아이소이 블레미쉬 케어 아이&미간 패치 90매 (+90매 더블기획),100,마스크팩,패치,패치,4.8,3822,44600,35700.0
올리브영,달바,달바 핑크 톤업 선크림 듀오 기획 (50ml+50ml),1,선케어,선크림,선크림,4.7,7408,51000,35700.0
올리브영,이지듀,이지듀 기미 앰플 쿠션 15g,2,선케어,선쿠션,선쿠션,4.6,175,39800,36900.0
올리브영,구달,구달 맑은 어성초 진정 수분 선크림 50ml 1+1기획,3,선케어,선크림,선크림,4.8,28908,20000,17500.0
올리브영,라운드랩,라운드랩 자작나무 수분 선크림 50ml 기획 (+클렌저 20ml),4,선케어,선크림,선크림,4.8,14207,25000,17500.0
올리브영,라로슈포제,라로슈포제 시카플라스트 리페어 선크림 40ml 기획 (+시카토너50ml+시카밤3ml 증정),5,선케어,선크림,선크림,4.7,137,34000,25000.0
올리브영,비플레인,비플레인 녹두 쿨링 수분 선크림 50ml 1+1 기획,6,선케어,선크림,선크림,4.8,20,25000,22570.0
올리브영,닥터지,닥터지 그린 마일드 업 선 플러스 기획 2종 택 1 (50ml+20ml/40ml+40ml),7,선케어,선크림,선크림,4.8,19989,29000,21900.0
올리브영,아누아,아누아 매트벗글로우 커버 베이지 50ml 더블 기획,8,선케어,선크림,선크림,4.6,3830,51000,34900.0
올리브영,아누아,아누아 매트벗글로우 커버 베이지 50ml,9,선케어,선크림,선크림,4.5,954,28000,19500.0
올리브영,넘버즈인,넘버즈인 3번 도자기결 파데스킵 톤업베이지 35ml+35ml (SPF50+ PA++++),10,선케어,선크림,선크림,4.6,10772,26000,
올리브영,브링그린,브링그린 알로에 97% 수딩젤 300mL_더블기획 / 단품,11,선케어,태닝/애프터선,애프터선,4.8,1068,6800,6300.0
올리브영,아이레놀,"아이레놀 쌩얼크림 2종 50ml (SPF 50+,PA++++)",12,선케어,선크림,선크림,4.7,1224,19800,18800.0
올리브영,아떼,아떼 비건 릴리프 무기자차 선크림 단품/기획,13,선케어,선크림,선크림,4.8,3501,42000,24900.0
올리브영,식물나라,식물나라 뽀얀쌀 생기 톤업 선 쿠션 3종 택1(단품/리필 기획),14,선케어,선쿠션,선쿠션,4.6,1342,24800,16800.0
올리브영,넘버즈인,넘버즈인 1번 청초 진정맑은 물막선크림 50ml+50ml 듀오기획 (SPF50+PA++++),15,선케어,선크림,선크림,4.8,5105,26000,
올리브영,톤핏선,톤핏선 비건 선쿠션 2종 택1 (핑베톤업/듀이커버) SPF50+ PA++++,16,선케어,선쿠션,선쿠션,4.7,3935,24000,19200.0
올리브영,닥터지,닥터지 레드 블레미쉬 수딩 업 선 기획 2종 택 1 (50ml+20ml/50ml+50ml),17,선케어,선크림,선크림,4.8,2907,29000,20800.0
올리브영,닥터지,닥터지 브라이트닝 업 선 플러스 기획 2종 택 1 (50ml+20ml/40ml+40ml),18,선케어,선크림,선크림,4.8,9315,32000,22900.0
올리브영,에스쁘아,에스쁘아 워터 스플래쉬 선크림 세라마이드 60ml (+20ml 추가 증정),19,선케어,선크림,선크림,4.7,3754,22000,17600.0
올리브영,라운드랩,라운드랩 자작나무 수분 톤업선크림 50ml 기획 (+클렌저 20ml),20,선케어,선크림,선크림,4.7,3626,25000,17500.0
올리브영,아누아,아누아 어성초 실키 모이스처 선크림 50ml 더블 기획,21,선케어,선크림,선크림,4.9,2434,34900,24500.0
올리브영,리얼베리어,리얼베리어 세라 수분 장벽 선크림 50ml 1+1 기획,22,선케어,선크림,선크림,4.9,1217,28000,23900.0
올리브영,바이오힐보,바이오힐보 프로바이오덤 콜라겐 톤업 선크림 1+1 기획세트 / 단품,23,선케어,선크림,선크림,4.6,956,30000,19900.0
올리브영,메이크프렘,메이크프렘 유브이 디펜스 미 노세범 선크림 40ml+40ml,24,선케어,선크림,선크림,4.8,3057,28000,25200.0
올리브영,구달,구달 맑은 어성초 진정 수분 톤업 선크림 50ml 1+1기획,25,선케어,선크림,선크림,4.6,4016,22000,
올리브영,스킨푸드,스킨푸드 베리 수분 유기자차 선크림 더블기획,26,선케어,선크림,선크림,4.7,1697,28000,23800.0
올리브영,달바,달바 클린 티트리 리포좀 그린 톤업 선크림 50ml,27,선케어,선크림,선크림,4.9,34,34000,23800.0
올리브영,베라모어,베라모어 브라이트닝 광채 선세럼 35ml,28,선케어,선크림,선크림,4.9,981,30000,19500.0
올리브영,셀퓨전씨,셀퓨전씨 잡티 토닝 썬스크린 35ml 더블기획,29,선케어,선크림,선크림,4.9,129,27900,
올리브영,프롬리에,프롬리에 비건 EGF 시카 화잘먹 선앰플 56ml 보송 / 워터 단품 / 워터 2입,30,선케어,선크림,선크림,4.8,1570,33000,23100.0
올리브영,프리메라,프리메라 리페어링 세라캡슐 UV 프로텍터 40ml,31,선케어,선크림,선크림,4.8,295,34000,22700.0
올리브영,딘시,딘시 프리미엄 비건 톤업 선크림 50ml 기획 (+착붙퍼프 1p),32,선케어,선크림,선크림,5.0,7871,34000,17000.0
올리브영,조선미녀,조선미녀 맑은쌀선크림 50ml 2입 기획,33,선케어,선크림,선크림,4.9,2323,30000,26100.0
올리브영,달바,달바 에센스 선크림 듀오 기획 (50ml+50ml),34,선케어,선크림,선크림,4.8,7178,51000,
올리브영,구달,구달 맑은 어성초 진정 무기자차 선크림 50ml 1+1기획,35,선케어,선크림,선크림,4.8,8060,20000,18000.0
올리브영,아임프롬,아임프롬 애프리콧 클리어 선 세럼 50ml,36,선케어,선크림,선크림,5.0,1,30000,18000.0
올리브영,셀퓨전씨,셀퓨전씨 레이저 UV 썬스크린 35ml 1+1 기획세트,37,선케어,선크림,선크림,4.8,2452,29400,
올리브영,식물나라,식물나라 보송 페이스 앤 바디 선 스틱 더블 기획 (30gX2),38,선케어,선스틱,선스틱,4.8,14994,27000,19800.0
올리브영,차앤박,차앤박 톤업 프로텍션 선 50ml 더블기획 (50ml+50ml),39,선케어,선크림,선크림,4.8,4416,29000,27500.0
올리브영,메디큐브,메디큐브 콜라겐 톤업 선크림 50ml,40,선케어,선크림,선크림,4.6,48,29000,13700.0
올리브영,식물나라,식물나라 가벼운 수분 선 젤 로션 60ml (단품/기획),41,선케어,선크림,선크림,4.8,23518,14800,13800.0
올리브영,아떼,아떼 비건 릴리프 선 에센스 단품/기획,42,선케어,선크림,선크림,4.8,4433,42000,24900.0
올리브영,바이오힐보,바이오힐보 프로바이오덤 콜라겐 에센스 선크림 1+1 기획세트(50ml+50ml) /단품,43,선케어,선크림,선크림,4.7,1359,30000,19900.0
올리브영,AHC,AHC 마스터즈 에어리치 선스틱 22g,44,선케어,선스틱,선스틱,4.8,11832,24000,19200.0
올리브영,브링그린,브링그린 티트리시카톤업선쿠션 15g_NEW,45,선케어,선쿠션,선쿠션,4.6,1862,20000,
올리브영,브링그린,브링그린 티트리시카쿨링선스틱 20g_NEW,46,선케어,선스틱,선스틱,4.6,731,20000,
올리브영,에스네이처,에스네이처 아쿠아 365 유브이 선크림 40ml 2입,47,선케어,선크림,선크림,4.9,529,36000,24900.0
올리브영,스킨1004,스킨1004 마다가스카르 센텔라 히알루-시카 워터핏 선세럼 50ml,48,선케어,선크림,선크림,4.9,3501,19000,
올리브영,가히,가히 에어리 핏 선스틱 14g 더블 기획,49,선케어,선스틱,선스틱,4.9,1204,36000,32400.0
올리브영,달바,달바 워터풀 퍼플 톤업 선크림 50ml,50,선케어,선크림,선크림,4.7,2177,34000,23800.0
올리브영,식물나라,식물나라 가벼운 수분 선 젤 로션 기획 3종 택1(일반/보노보노/대용량),51,선케어,선크림,선크림,4.8,13497,25800,15400.0
올리브영,에스트라,에스트라 더마UV365 장벽수분 무기자차 선크림 40ml+20ml 기획,52,선케어,선크림,선크림,4.8,3545,31000,
올리브영,에딧비, 에딧비 선데이 톤업 선세럼 55ml ,53,선케어,선크림,선크림,4.7,5158,25000,17500.0
올리브영,피지오겔,피지오겔 레드수딩 AI 센서티브 UV 썬스크린 80ml 대용량 기획,54,선케어,선크림,선크림,4.7,581,48000,29900.0
올리브영,에뛰드,에뛰드 순정 디렉터 톤업 수정 선크림 40ml 1+1 기획,55,선케어,선크림,선크림,4.4,1590,25000,21900.0
올리브영,식물나라,식물나라 워터프루프 선 스프레이 SPF50+PA++++,56,선케어,선스프레이/선패치,선스프레이,4.7,5943,14800,13900.0
올리브영,유이크,유이크 바이옴 레미디 수분 선크림 50ML(+수분선크림 20ml 증정),57,선케어,선크림,선크림,4.7,25,27000,21600.0
올리브영,듀이트리,듀이트리 어반쉐이드 안티폴루션 선 50ml 2종 중 택 1,58,선케어,선크림,선크림,4.7,6537,30000,
올리브영,식물나라,식물나라 워터프루프 선 크림 100mL,59,선케어,선크림,선크림,4.8,7948,19000,10800.0
올리브영,조선미녀,조선미녀 맑은쌀선크림 아쿠아프레쉬 50ml 2입 기획,60,선케어,선크림,선크림,4.8,198,30000,26000.0
올리브영,라로슈포제,라로슈포제 유비데아 안뗄리오스 틴티드 크림 ,61,선케어,선크림,선크림,4.7,1571,37000,
올리브영,라로슈포제,라로슈포제 유비데아 안뗄리오스 톤업 라이트 크림 30ml,62,선케어,선크림,선크림,4.7,754,37000,
올리브영,더하르나이,더하르나이 무기자차 시카이드 마일드 선케어 50ml+50ml 기획,63,선케어,선크림,선크림,4.7,83,28000,23800.0
올리브영,달바,달바 마일드 선크림 듀오 기획 (50ml+50ml),64,선케어,선크림,선크림,4.7,1590,51000,35700.0
올리브영,프리메라,프리메라 리페어링 세라캡슐 UV프로텍터 톤업 프라이밍 40ml,65,선케어,선크림,선크림,4.7,74,34000,22700.0
올리브영,오브제,오브제 오일 컨트롤 선스틱 18g,66,선케어,선스틱,선스틱,4.7,48,19800,15900.0
올리브영,메디큐브,메디큐브 PDRN 핑크 톤업 선크림 50ml,67,선케어,선크림,선크림,4.6,14,24000,15900.0
올리브영,싸이닉,싸이닉 엔조이 슈퍼 마일드 선 에센스 더블 기획 (50ml+50ml),68,선케어,선크림,선크림,4.8,9983,15000,
올리브영,듀이트리,듀이트리 어반쉐이드 커버 앤 핏 선 40ml 2종 중 택 1,69,선케어,선크림,선크림,4.5,1674,24000,20500.0
올리브영,브링그린,브링그린 티트리시카 선 3종(선크림/선스틱/선쿠션),70,선케어,선크림,선크림,4.6,4828,20000,
올리브영,아로마티카,아로마티카 수딩 알로에 베라 젤 300ml,71,선케어,태닝/애프터선,애프터선,4.7,14075,11000,
올리브영,메디힐, 메디힐 수분 유브이컷 선크림 50g ,72,선케어,선크림,선크림,4.9,5800,17000,13400.0
올리브영,넘버즈인,넘버즈인 3번 도자기결 파데스킵 톤업베이지 50ml (SPF50+ PA++++),73,선케어,선크림,선크림,4.6,5552,26000,18200.0
올리브영,닥터자르트,닥터자르트 에브리선데이 모이스처라이징 선 30ml,74,선케어,선크림,선크림,4.6,337,22000,13200.0
올리브영,라운드어라운드,라운드어라운드 컴포트 그린티 에어 선스틱 더블기획,75,선케어,선스틱,선스틱,4.8,886,36000,18000.0
올리브영,라운드랩,라운드랩 자작나무 무기자차 선크림 50ml 기획 (+클렌저20ml),76,선케어,선크림,선크림,4.7,3804,25000,17500.0
올리브영,마녀공장,마녀공장 파데프리 선크림 50ml SPF50+ PA++++,77,선케어,선크림,선크림,4.8,1398,28000,16900.0
올리브영,이니스프리,이니스프리 그린티 히알루론산 수분 선세럼 50ml 1+1 기획,78,선케어,선크림,선크림,4.8,2570,28000,25760.0
올리브영,메이크프렘,메이크프렘 수딩 핑크 톤업 선크림 40ml+40ml,79,선케어,선크림,선크림,4.8,3000,30000,25500.0
올리브영,토리든,토리든 다이브인 무기자차 마일드 선크림 60ml 기획 (+20ml 추가 증정),80,선케어,선크림,선크림,4.7,1965,25000,
올리브영,오드로이,오드로이 모공축소 톤업 선크림 블리미 필리디 50ml,81,선케어,선크림,선크림,4.8,190,18900,16070.0
올리브영,라운드랩,라운드랩 자작나무 수분 선스틱 19g+19g,82,선케어,선스틱,선스틱,4.8,2678,29000,24900.0
올리브영,달바,달바 퍼플 톤업 선크림 듀오 기획 (50ml+50ml),83,선케어,선크림,선크림,4.7,2076,51000,
올리브영,듀이트리,듀이트리 어반쉐이드 커버 앤 핏 선쿠션 14g,84,선케어,선쿠션,선쿠션,4.5,563,24000,15600.0
올리브영,유이크,유이크 바이옴 레미디 퍼펙트 보송 선스틱 18g,85,선케어,선스틱,선스틱,5.0,9,24000,
올리브영,라타플랑,라타플랑 미나리 진정 선크림 50ml 1+1 기획(50ml+50ml),86,선케어,선크림,선크림,4.9,1297,25000,23900.0
올리브영,비레디,비레디 블루 수분 선크림 50ml 1+1 기획,87,선케어,선크림,선크림,4.9,345,25000,23700.0
올리브영,조선미녀,조선미녀 맑은쌀 선크림 50ml,88,선케어,선크림,선크림,4.8,898,18000,15100.0
올리브영,로벡틴,로벡틴 아쿠아 수딩 선크림 35ml 1+1 기획세트,89,선케어,선크림,선크림,4.7,825,42000,23100.0
올리브영,닥터지,닥터지 포어 블러 업 선 50ml+20ml 기획,90,선케어,선크림,선크림,4.7,729,32000,22400.0
올리브영,닥터자르트,닥터자르트 에브리선데이 모이스처라이징 선 30ml 1+1 기획세트,91,선케어,선크림,선크림,4.7,2513,22000,
올리브영,헤라,헤라 UV프로텍터 톤업 50ml,92,선케어,선크림,선크림,4.8,830,45000,
올리브영,아떼,아떼 속광 톤업 선쿠션 SPF50+/PA++++,93,선케어,선쿠션,선쿠션,4.7,1225,30000,21000.0
올리브영,달바,달바 워터풀 톤업 선 쿠션 듀오 기획(15g+15g),94,선케어,선쿠션,선쿠션,4.6,756,52500,42000.0
올리브영,넘버즈인,넘버즈인 3번 도자기결 고이빚은 세라믹쿠션 SPF50+ PA++++,95,선케어,선쿠션,선쿠션,4.4,431,28000,19600.0
올리브영,스킨1004,스킨1004 마다가스카르 센텔라 톤 브라이트닝 톤업 선스크린 50ml,96,선케어,선크림,선크림,4.8,285,19000,
올리브영,라운드랩,라운드랩 동백 딥 콜라겐 탄력 선세럼 50ml (+7ml),97,선케어,선크림,선크림,0.0,0,28000,18900.0
올리브영,빌리프,빌리프 UV프로텍터 톤업 선스크린 50ml 라인프렌즈 에코에디션 (+DIY스티커),98,선케어,선크림,선크림,4.8,96,39000,
올리브영,라운드랩,라운드랩 자작나무 수분 선쿠션 15g,99,선케어,선쿠션,선쿠션,4.6,2165,24000,17800.0
올리브영,라로슈포제,라로슈포제 유비데아 안뗄리오스 멜트인 크림 ,100,선케어,선크림,선크림,4.8,1534,37000,
올리브영,어뮤즈,어뮤즈 세라믹 스킨 퍼펙터 쿠션 발레리나 에디션 한정 기획 (+리필+퍼프 증정),1,메이크업,베이스메이크업,쿠션,4.6,9122,38000,28500.0
올리브영,3CE,3CE 캐시미어 허그 립스틱 10colors (기획세트 / 단품),2,메이크업,립메이크업,립스틱,4.7,1153,22000,16500.0
올리브영,롬앤,롬앤 더 쥬시 래스팅 틴트 23 Color,3,메이크업,립메이크업,립틴트,4.7,152984,13000,9900.0
올리브영,에스쁘아,에스쁘아 비벨벳 커버쿠션 SPF42 PA++ (본품+리필) 8 colors + 미니 파우더,4,메이크업,베이스메이크업,쿠션,4.7,13489,40000,28900.0
올리브영,에스쁘아,에스쁘아 꾸뛰르 립틴트 글레이즈 20 colors,5,메이크업,립메이크업,립틴트,4.8,8504,22000,16500.0
올리브영,디어달리아,디어달리아 리퀴드 블러쉬 (기획/단품),6,메이크업,베이스메이크업,블러셔,4.8,7588,25000,21250.0
올리브영,에스쁘아,에스쁘아 아이 코어 팔레트 9g + 브러쉬 증정,7,메이크업,아이메이크업,아이섀도우,4.8,1768,36000,26600.0
올리브영,에스쁘아,에스쁘아 비글로우 볼륨 쿠션 기획 (본품+리필+스틱 하이라이터 키링),8,메이크업,베이스메이크업,쿠션,4.6,6293,40000,28900.0
올리브영,토니모리,토니모리 퍼펙트립스 쇼킹립 틴트 14종,9,메이크업,립메이크업,립틴트,4.6,5893,15000,11250.0
올리브영,컬러그램,컬러그램 누디 블러 틴트 13 COLOR (기획/단품),10,메이크업,립메이크업,립틴트,4.8,14655,10000,8500.0
올리브영,에뛰드,에뛰드 그림자 쉐딩 브라이트너+멀티 브러쉬 증정 기획 웜&쿨,11,메이크업,베이스메이크업,쉐이딩,4.8,15586,20000,16000.0
올리브영,에스쁘아,에스쁘아 비글로우 파운데이션 30g 10 colors + 브러쉬 + 미니쿠션 공용기,12,메이크업,베이스메이크업,파운데이션,4.7,4673,42000,30900.0
올리브영,오브제,오브제 커버로션 50g 어워즈 한정기획 (+미니어처 10g),13,메이크업,베이스메이크업,BB/CC,4.8,1201,29800,
올리브영,3CE,3CE 블러쉬라이터 7colors (기획세트 / 단품),14,메이크업,베이스메이크업,블러셔,4.7,129,24000,19900.0
올리브영,클리오,클리오 샤프 쏘 심플 워터프루프 펜슬라이너,15,메이크업,아이메이크업,아이라이너,4.7,103909,11000,
올리브영,투쿨포스쿨,투쿨포스쿨 듀얼 컨투어 스틱 3colors,16,메이크업,베이스메이크업,쉐이딩,4.7,2520,15000,10900.0
올리브영,투크,투크 워터프루프 슬림 아이라이너 16colors,17,메이크업,아이메이크업,아이라이너,4.7,30474,13900,
올리브영,오프라 코스메틱,오프라 코스메틱 미니 하이라이터 9종,18,메이크업,베이스메이크업,하이라이터,4.8,9036,33000,30000.0
올리브영,투쿨포스쿨,투쿨포스쿨 프로타주 펜슬 14colors (한정기획/단품),19,메이크업,아이메이크업,아이섀도우,4.7,56103,12000,10800.0
올리브영,에뛰드,에뛰드 컬 픽스 마스카라_4 Colors,20,메이크업,아이메이크업,마스카라,4.8,39021,16000,12800.0
올리브영,어뮤즈,어뮤즈 파우더 벨벳 틴트 한정 기획 (+미니리무버 증정),21,메이크업,립메이크업,립틴트,4.9,234,19000,16150.0
올리브영,키스미,키스미 스무스 리퀴드 아이라이너 N 3종 1+1 한정기획,22,메이크업,아이메이크업,아이라이너,4.8,28827,18000,17800.0
올리브영,페리페라,"페리페라 올테이크 무드 팔레트 (+7,8호 컬러 마스카라 기획)",23,메이크업,아이메이크업,아이섀도우,4.8,3509,23000,17850.0
올리브영,VDL,VDL 커버 스테인 퍼펙팅 쿠션 리필 기획,24,메이크업,베이스메이크업,쿠션,4.7,3065,34000,28900.0
올리브영,페리페라,페리페라 스피디 스키니 브로우,25,메이크업,아이메이크업,아이브로우,4.8,58201,6000,5700.0
올리브영,에뛰드,에뛰드 왓츠 인 마이 아이즈 24 colors,26,메이크업,아이메이크업,아이섀도우,4.8,2796,6000,4500.0
올리브영,라네즈,라네즈 네오 톤업 피니시 파우더 7g,27,메이크업,베이스메이크업,파우더/팩트,4.7,849,29000,23200.0
올리브영,에이프릴스킨,에이프릴스킨 히어로 쿠션(본품+리필),28,메이크업,베이스메이크업,쿠션,4.6,7306,33000,23100.0
올리브영,정샘물,정샘물 에센셜 스킨 누더 쿠션 (본품+리필),29,메이크업,베이스메이크업,쿠션,4.7,23475,45000,42750.0
올리브영,하트퍼센트,하트퍼센트 도트 온 무드 립펜슬 20colors (기획/단품),30,메이크업,립메이크업,립스틱,4.7,27244,14000,
올리브영,바닐라코,바닐라코 얼티밋 화이트 쿠션 (+리필+픽서 기획),31,메이크업,베이스메이크업,쿠션,4.6,19469,38000,30400.0
올리브영,투쿨포스쿨,투쿨포스쿨 스머징 트임 라이너 10colors,32,메이크업,아이메이크업,아이라이너,4.7,11257,12000,9600.0
올리브영,3CE,3CE 블러 워터 틴트,33,메이크업,립메이크업,립틴트,4.7,28039,18000,12600.0
올리브영,홀리카홀리카,홀리카홀리카 마이페이브 피스 아이섀도우/ 피스빔,34,메이크업,아이메이크업,아이섀도우,4.8,67958,6000,4800.0
올리브영,웨이크메이크,웨이크메이크 소프트 블러링 아이팔레트 (기획/단품),35,메이크업,아이메이크업,아이섀도우,4.8,44806,34000,23800.0
올리브영,퓌,퓌 립앤치크 블러리 푸딩팟 (+미니 립브러쉬 증정),36,메이크업,베이스메이크업,블러셔,4.6,14472,22000,16500.0
올리브영,더샘,더샘 커버 퍼펙션 트리플 팟 컨실러 7colors,37,메이크업,베이스메이크업,컨실러,4.7,37689,12000,10800.0
올리브영,정샘물,정샘물 스킨 세팅 베이스 6종,38,메이크업,베이스메이크업,프라이머/베이스,4.6,1890,33000,
올리브영,에뛰드,NEW 에뛰드 클라우드 필터쿠션리필 + 퍼프 2매 기획 세트,39,메이크업,베이스메이크업,쿠션,4.6,1091,26000,19500.0
올리브영,VDL,"VDL 커버스테인 퍼펙팅 파운데이션 30ml (+휴대용파데, 퍼프기획/ 단품)",40,메이크업,베이스메이크업,파운데이션,4.7,9338,30000,
올리브영,오브제,오브제 내추럴 커버 파운데이션 기획세트(+클렌징폼 50ml),41,메이크업,베이스메이크업,파운데이션,4.8,5165,36800,29800.0
올리브영,파넬,파넬 시카마누 세럼쿠션 기획 (본품+리필),42,메이크업,베이스메이크업,쿠션,4.5,5681,37000,33300.0
올리브영,데이지크,데이지크 퓨어 워터 립 글로스 16종 중 택1,43,메이크업,립메이크업,립글로스,4.7,792,18000,11340.0
올리브영,에뛰드,에뛰드 재창조 메이커 쉐딩 스틱 브러쉬 한정 기획 /단품 (웜&쿨),44,메이크업,베이스메이크업,쉐이딩,4.7,16625,14000,11200.0
올리브영,네이밍,네이밍 레이어드 핏 쿠션 기획 (본품+리필),45,메이크업,베이스메이크업,쿠션,4.7,12763,34000,29700.0
올리브영,라네즈,라네즈 네오 쿠션 글로우 15g 기획/단품,46,메이크업,베이스메이크업,쿠션,4.6,1671,30000,24000.0
올리브영,코스노리,코스노리 화이트닝 드레스 비건 톤업크림,47,메이크업,베이스메이크업,프라이머/베이스,4.6,15874,20000,16000.0
올리브영,웨이크메이크,웨이크메이크 스테이 픽서 멀티 컬러 파우더 4COLOR (단품/브러시기획),48,메이크업,베이스메이크업,파우더/팩트,4.6,5594,29000,15400.0
올리브영,코스노리,코스노리 롱 액티브 아이래쉬 세럼 비건 속눈썹영양제,49,메이크업,아이메이크업,마스카라,4.7,33833,18000,14400.0
올리브영,코스노리,코스노리 아이래쉬 틴팅 세럼 비건 블랙 속눈썹영양제,50,메이크업,아이메이크업,마스카라,4.7,10122,18000,14400.0
올리브영,페리페라,페리페라 시럽피 톡 치크,51,메이크업,베이스메이크업,블러셔,4.7,277,14000,11200.0
올리브영,코스노리,코스노리 판테놀 비건 글로우 쿠션 (단품/기획),52,메이크업,베이스메이크업,쿠션,4.7,2522,32000,22400.0
올리브영,퓌,퓌 3D 볼류밍 글로스 12컬러 (30%/70%),53,메이크업,립메이크업,립글로스,4.7,6167,18000,13500.0
올리브영,에스쁘아,에스쁘아 더브로우 밸런스 펜슬 (+눈썹 숱가위 증정),54,메이크업,아이메이크업,아이브로우,4.8,24164,16000,12500.0
올리브영,웨이크메이크,웨이크메이크 내추럴 하드 브로우 펜슬 5 COLOR,55,메이크업,아이메이크업,아이브로우,4.7,30397,13000,11700.0
올리브영,롬앤,롬앤 글래스팅 멜팅 밤 (기획/단품),56,메이크업,립메이크업,립밤,4.7,36326,13000,9900.0
올리브영,페리페라,페리페라 스피디 스키니 브로우 마스카라,57,메이크업,아이메이크업,아이브로우,4.7,10413,8000,7700.0
올리브영,홀리카홀리카,홀리카홀리카 마이페이브 무드 아이팔레트,58,메이크업,아이메이크업,아이섀도우,4.8,11699,28000,21000.0
올리브영,딘토,딘토 블러글로이 립 틴트 30colors (+미니 속광치크 증정),59,메이크업,립메이크업,립틴트,4.7,15461,20000,14000.0
올리브영,3CE,3CE 글레이지 립 글로우 9colors,60,메이크업,립메이크업,립스틱,4.8,250,21000,17800.0
올리브영,엔트로피 메이크업,엔트로피 메이크업 브로우 컬러 애쉬브라운,61,메이크업,아이메이크업,아이브로우,4.7,1288,45000,
올리브영,롬앤,롬앤 글래스팅 컬러 글로스,62,메이크업,립메이크업,립글로스,4.7,19760,13000,9900.0
올리브영,루나,루나 롱래스팅 팁 컨실러 기획 7colors,63,메이크업,베이스메이크업,컨실러,4.7,35830,15000,10500.0
올리브영,지베르니,지베르니 플러피 듀얼 블러셔 3 COLORS (LAZY BUNNY) (온),64,메이크업,베이스메이크업,블러셔,0.0,0,19000,
올리브영,페리페라,페리페라 잉크 무드 글로이 틴트,65,메이크업,립메이크업,립틴트,4.7,83546,11000,
올리브영,투쿨포스쿨,투쿨포스쿨 바이로댕 쉐이딩 3colors,66,메이크업,베이스메이크업,쉐이딩,4.8,42771,16000,13600.0
올리브영,데이지크,데이지크 섀도우팔레트 24 colors (단품/기획),67,메이크업,아이메이크업,아이섀도우,4.7,29268,34000,
올리브영,연작,연작 스킨 퍼펙팅 프로텍티브 베이스프렙 40ml,68,메이크업,베이스메이크업,프라이머/베이스,4.7,794,45000,
올리브영,롬앤,롬앤 블러 퍼지 틴트,69,메이크업,립메이크업,립틴트,4.7,40648,13000,9900.0
올리브영,클리오,클리오 킬래쉬 수퍼프루프마스카라 1+1 기획,70,메이크업,아이메이크업,마스카라,4.7,47813,18000,
올리브영,바닐라코,바닐라코 프라임 프라이머 피니쉬 파우더,71,메이크업,베이스메이크업,파우더/팩트,4.8,29226,22000,17600.0
올리브영,투에이엔,투에이엔 듀얼치크 12colors (단품/한정기획),72,메이크업,베이스메이크업,블러셔,4.8,5086,19000,15900.0
올리브영,클리오,클리오 킬커버 하이 글로우 쿠션(본품+리필 기획),73,메이크업,베이스메이크업,쿠션,4.5,5489,36000,27000.0
올리브영,에스쁘아,에스쁘아 더브로우 컬러 픽싱 카라 4 Colors,74,메이크업,아이메이크업,아이브로우,4.8,5047,16000,12500.0
올리브영,비레디,비레디 트루 톤 로션 33ml 1+1 기획 2종 택1 (오리지널/에어리),75,메이크업,베이스메이크업,BB/CC,4.7,1173,37000,28900.0
올리브영,투에이엔,투에이엔 베러미 아이팔레트 12colors(단품/한정기획),76,메이크업,아이메이크업,아이섀도우,4.8,2854,23000,19000.0
올리브영,라네즈,라네즈 네오 쿠션 매트 15g 기획/단품,77,메이크업,베이스메이크업,쿠션,4.7,8975,30000,24000.0
올리브영,헤라,헤라 블랙 쿠션 파운데이션 (본품15g+리필15g),78,메이크업,베이스메이크업,쿠션,4.8,11478,74000,
올리브영,헤라,헤라 센슈얼 누드 글로스 5g,79,메이크업,립메이크업,립글로스,4.8,4568,40000,
올리브영,롬앤,롬앤 베러 댄 컨투어,80,메이크업,베이스메이크업,쉐이딩,4.8,4141,24000,21600.0
올리브영,뮤드,뮤드 인스파이어 스키니 컬링/멀티 픽서 마스카라 (기획/단품),81,메이크업,아이메이크업,마스카라,4.8,12951,14000,12600.0
올리브영,롬앤,롬앤 베러 댄 치크,82,메이크업,베이스메이크업,블러셔,4.7,36877,12000,9900.0
올리브영,컬러그램,컬러그램 탕후루 탱글 틴트 16 COLOR (단품/기획),83,메이크업,립메이크업,립틴트,4.7,14787,10000,8900.0
올리브영,얼터너티브스테레오,얼터너티브스테레오 립 포션 슈가 글레이즈 틴트,84,메이크업,립메이크업,립틴트,4.7,2300,19000,16150.0
올리브영,컬러그램,컬러그램 올인원 애교살 메이커 9 COLOR (기획/콜라보/단품),85,메이크업,아이메이크업,아이섀도우,4.6,35548,9800,
올리브영,웨이크메이크,웨이크메이크 워터 글로우 코팅밤 3 COLOR (본품+리필+퍼프 2매 기획),86,메이크업,베이스메이크업,파운데이션,4.6,5198,36000,25200.0
올리브영,베네피트,베네피트 틴트 6종 택1,87,메이크업,립메이크업,립틴트,4.7,5931,32000,27200.0
올리브영,웨이크메이크,웨이크메이크 리얼 애쉬 브러쉬 아이라이너 3color (1+1기획/단품),88,메이크업,아이메이크업,아이라이너,4.7,15855,14000,
올리브영,마르시끄,마르시끄 인리치드 비건 블랙 속눈썹 영양제,89,메이크업,아이메이크업,마스카라,4.6,1476,24800,19800.0
올리브영,클리오,"클리오 킬 커버 파운웨어 쿠션 디 오리지널 한정기획 (+리필, 톤업 프라이머 증정)",90,메이크업,베이스메이크업,쿠션,4.5,4870,36000,
올리브영,비디비치,비디비치 롱웨어 스킨 핏 쿠션 리필 기획 (+스킨일루미네이션10ml 증정) 3종 택1,91,메이크업,베이스메이크업,쿠션,4.8,296,56000,44800.0
올리브영,힌스,힌스 메쉬 매트 쿠션 어워즈 한정 기획(본품+리필+미니컨실러),92,메이크업,베이스메이크업,쿠션,4.6,7854,34000,
올리브영,데이지크,데이지크 핑크 블라썸 섀도우 팔레트 2종 중 택1,93,메이크업,아이메이크업,아이섀도우,5.0,17,32000,22990.0
올리브영,페리페라,페리페라 맑게 물든 선샤인 치크,94,메이크업,베이스메이크업,블러셔,4.8,25916,8000,
올리브영,더샘,더샘 커버 퍼펙션 팁컨실러 9.5g 6colors,95,메이크업,베이스메이크업,컨실러,4.7,15210,7700,6930.0
올리브영,롬앤,롬앤 듀이풀 워터 틴트,96,메이크업,립메이크업,립틴트,4.7,36721,13000,11050.0
올리브영,롬앤,롬앤 한올 샤프 브로우,97,메이크업,아이메이크업,아이브로우,4.7,14002,12000,9600.0
올리브영,키스미,키스미 마스카라 EX 1+1 한정기획 (롱/볼륨) (기획/단품),98,메이크업,아이메이크업,마스카라,4.7,16530,18000,17800.0
올리브영,클리오,클리오 크리스탈 글램 틴트,99,메이크업,립메이크업,립틴트,4.7,21536,18000,
올리브영,토니모리,토니모리 치크톤 립앤치크 듀오밤 12종,100,메이크업,베이스메이크업,블러셔,4.9,1101,20000,18000.0
