순위,카테고리,중분류,소분류,브랜드,제품명,평점,후기 수,가격,URL
1,클렌징,페이셜클렌징,클렌징폼,이니스프리,화산송이 모공 바하 클렌징 폼 150g 2개,4.9,"7,915","18,200",https://www.musinsa.com/products/3670796
2,클렌징,페이셜클렌징,클렌징폼,비플레인,[대용량]녹두 약산성 클렌징 폼 160ml 2개 (+40ml 증정),4.9,"2,870","31,200",https://www.musinsa.com/products/3138771
3,클렌징,페이셜클렌징,클렌징폼,에스네이처,아쿠아 라이스 약산성 클렌징폼 160ml 2개입 [증정: 클렌징 오일 13ml + 수분젤크림 30ml],4.9,630,"31,900",https://www.musinsa.com/products/4566395
4,클렌징,페이셜클렌징,클렌징폼,토리든,[2개묶음] 다이브인 저분자 히알루론산 클렌징 폼 150ml x 2개 [총 300ml],4.9,"3,707","23,000",https://www.musinsa.com/products/3312180
5,클렌징,메이크업클렌징,클렌징로션/크림,바닐라코,클린잇제로 오리지널 클렌징밤 대용량 180ml,4.9,"1,215","23,000",https://www.musinsa.com/products/3994035
6,클렌징,메이크업클렌징,클렌징로션/크림,바닐라코,클린잇제로 포어 클래리파잉 클렌징밤 대용량 180ml,4.9,990,"23,000",https://www.musinsa.com/products/3994036
7,클렌징,페이셜클렌징,클렌징폼,라운드랩,소나무 진정 시카 클렌저 150ml(+소나무 겔 마스크 1매 증정),4.9,"1,004","12,900",https://www.musinsa.com/products/3647194
8,클렌징,페이셜클렌징,클렌징폼,휩드,비건 팩클렌저 대용량 130g (5종 택1),4.8,217,"29,000",https://www.musinsa.com/products/4362152
9,클렌징,메이크업클렌징,클렌징오일,에이트루,오리진 퓨어 밸런싱 클렌징 오일 300ml,4.9,"5,188","19,500",https://www.musinsa.com/products/1542479
10,클렌징,메이크업클렌징,클렌징오일,마녀공장,퓨어 클렌징 오일 200ml (+오일25ml+폼20ml 증정),4.9,"1,376","17,400",https://www.musinsa.com/products/1252945
11,클렌징,필링/스크럽,필링,일소,슈퍼 멜팅 세범 소프트너 150ml,4.8,"1,930","21,000",https://www.musinsa.com/products/3771558
12,클렌징,메이크업클렌징,클렌징로션/크림,메이크프렘,[증정] 세이프 미 릴리프 모이스처 클렌징밀크 500ml,4.9,"1,697","34,440",https://www.musinsa.com/products/3381240
13,클렌징,메이크업클렌징,클렌징오일,비플레인,녹두 클렌징 오일 200ml (+50ml 증정),4.8,"1,546","18,900",https://www.musinsa.com/products/2036869
14,클렌징,페이셜클렌징,클렌징폼,에스네이처,아쿠아 라이스 약산성 클렌징폼 160ml,4.9,"1,898","17,100",https://www.musinsa.com/products/3039770
15,클렌징,메이크업클렌징,클렌징로션/크림,듀이트리,하이 아미노 올 클렌징 밀크 400ml,4.9,"1,227","19,800",https://www.musinsa.com/products/3661543
16,클렌징,필링/스크럽,필링,마몽드,플로라 글로우 로즈 리퀴드 마스크_80ml,4.8,"1,422","25,500",https://www.musinsa.com/products/2495472
17,클렌징,페이셜클렌징,클렌징폼,파파레서피,블레미쉬 효소 파우더 클렌저 50g,4.8,"4,375","16,200",https://www.musinsa.com/products/3451864
18,클렌징,메이크업클렌징,클렌징오일,에스네이처,아쿠아 라이스 클렌징오일 200ml,4.9,942,"22,900",https://www.musinsa.com/products/3666615
19,클렌징,페이셜클렌징,클렌징폼,비플레인,녹두 약산성 클렌징폼 80ml 2개 (증정 : 클렌징폼 20ml + 시카풀 마스크 1매),4.9,"3,419","17,900",https://www.musinsa.com/products/1588781
20,클렌징,메이크업클렌징,클렌징로션/크림,메이크프렘,세이프 미 릴리프 모이스처 클렌징밀크 200ml,4.8,767,"19,680",https://www.musinsa.com/products/1766812
21,클렌징,페이셜클렌징,클렌징폼,주미소,포어 퓨리파잉 살리실산 포밍 클렌저 120g,4.9,"1,572","13,500",https://www.musinsa.com/products/3736643
22,클렌징,페이셜클렌징,클렌징폼,메디필,레드 락토 콜라겐 클리어 2.0 300ml / 모공 축소,4.9,695,"17,800",https://www.musinsa.com/products/3646983
23,클렌징,페이셜클렌징,클렌징폼,이니스프리,그린티 아미노 수분 클렌징 폼 150g 2개,4.9,"1,157","19,500",https://www.musinsa.com/products/3670794
24,클렌징,페이셜클렌징,클렌징폼,마녀공장,퓨어&딥 클렌징 폼 200ml (+미니어처20ml+클렌징오일25ml 증정),4.9,568,"10,800",https://www.musinsa.com/products/3121050
25,클렌징,립&아이 리무버,없음,폰즈,훼이스 스파 립&아이 리무버 2개,4.9,977,"13,700",https://www.musinsa.com/products/3377044
26,클렌징,페이셜클렌징,클렌징폼,에스네이처,아쿠아 라이스 약산성 클렌징폼 80ml,4.8,151,"10,900",https://www.musinsa.com/products/3275258
27,클렌징,페이셜클렌징,클렌징폼,블리스텍스,[2PACK]스트라이덱스 BHA 바하 폼클렌저 150ml,4.9,496,"14,900",https://www.musinsa.com/products/3514185
28,클렌징,페이셜클렌징,클렌징패드,라운드랩,[2pack] 1025 독도 패드 70매입,4.9,319,"28,500",https://www.musinsa.com/products/4104605
29,클렌징,필링/스크럽,페이스 스크럽,비플레인,녹두 모공 클레이 팩 120ml (증정 : 녹두 모공 세럼 15ml),4.8,"1,959","18,900",https://www.musinsa.com/products/2646627
30,클렌징,메이크업클렌징,클렌징오일,에스네이처,아쿠아 라이스 클렌징오일 200ml + 아쿠아 라이스 약산성 클렌징 폼 80ml,5,141,"29,900",https://www.musinsa.com/products/3731018
31,클렌징,페이셜클렌징,클렌징패드,블리스텍스,[2PACK]스트라이덱스 센시티브 패드 55매,4.9,447,"15,200",https://www.musinsa.com/products/3063650
32,클렌징,페이셜클렌징,클렌징폼,라운드랩,[2pack] 1025 독도 버블 폼 150ml,4.8,170,"18,500",https://www.musinsa.com/products/4227763
33,클렌징,메이크업클렌징,클렌징오일,라운드랩,1025 독도 클렌징 오일 200ml,4.9,572,"14,900",https://www.musinsa.com/products/1218594
34,클렌징,메이크업클렌징,클렌징오일,한스킨,클렌징 오일&블랙헤드 [PHA] 200ml,5,403,"15,800",https://www.musinsa.com/products/4178991
35,클렌징,페이셜클렌징,클렌징폼,주미소,[2pack] 포어 퓨리파잉 살리실산 포밍 클렌저 120g,4.9,318,"25,200",https://www.musinsa.com/products/3803955
36,클렌징,메이크업클렌징,클렌징워터,라운드랩,1025 독도 클렌징 워터 400ml,4.9,547,"10,900",https://www.musinsa.com/products/1218578
37,클렌징,페이셜클렌징,클렌징폼,마녀공장,퓨어 클렌징 밀크 200ml,4.9,156,"13,300",https://www.musinsa.com/products/1265667
38,클렌징,페이셜클렌징,클렌징폼,설화수,순행클렌징폼 200ML,4.9,139,"37,800",https://www.musinsa.com/products/3609704
39,클렌징,필링/스크럽,필링,라운드랩,1025 독도 필링젤 120ml,4.9,813,"12,000",https://www.musinsa.com/products/2890355
40,클렌징,페이셜클렌징,클렌징폼,토리든,다이브인 저분자 히알루론산 클렌징 폼 150ml,4.9,907,"15,000",https://www.musinsa.com/products/2735579
41,클렌징,메이크업클렌징,클렌징로션/크림,듀이트리,하이 아미노 올 클렌징 밀크 200ml,4.9,543,"13,300",https://www.musinsa.com/products/2638105
42,클렌징,페이셜클렌징,클렌징폼,한율,어린쑥 클렌징 흡착 팩폼 120ML,4.9,126,"28,000",https://www.musinsa.com/products/4147076
43,클렌징,메이크업클렌징,클렌징로션/크림,라운드랩,1025 독도 클렌징 밀크 200ml,4.8,347,"17,500",https://www.musinsa.com/products/2782619
44,클렌징,페이셜클렌징,클렌징폼,닥터지,약산성 레드 블레미쉬 클리어 수딩 폼 150mL 듀오,4.9,"2,751","28,000",https://www.musinsa.com/products/1814186
45,클렌징,메이크업클렌징,클렌징로션/크림,바닐라코,클린잇제로 오리지널 클렌징밤 100ml,4.9,298,"17,000",https://www.musinsa.com/products/3994037
46,클렌징,페이셜클렌징,클렌징폼,비플레인,[대용량]녹두 약산성 클렌징폼 160ml,4.9,953,"16,900",https://www.musinsa.com/products/1515101
47,클렌징,페이셜클렌징,클렌징폼,라운드랩,1025 독도 클렌저 200ml,4.9,776,"12,900",https://www.musinsa.com/products/2794314
48,클렌징,메이크업클렌징,클렌징오일,한스킨,클렌징오일&블랙헤드300ml+클렌징패드10매+해면스펀지 세트,5,47,"21,800",https://www.musinsa.com/products/4178986
49,클렌징,메이크업클렌징,클렌징로션/크림,바닐라코,[2PACK] 클린잇제로 포어 클렌징밤 100ml,5,38,"32,000",https://www.musinsa.com/products/3994030
50,클렌징,메이크업클렌징,클렌징오일,프리메라,퍼펙트 오일 투 폼클렌저 300ml,5,24,"30,600",https://www.musinsa.com/products/4595794
51,클렌징,페이셜클렌징,클렌징폼,유아른,비건 약알칼리성 콩클렌징 120ml,5,1,"20,000",https://www.musinsa.com/products/4710685
52,클렌징,페이셜클렌징,클렌징패드,블리스텍스,[2PACK]스트라이덱스 센시티브 패드 90매,4.9,504,"24,500",https://www.musinsa.com/products/3527870
53,클렌징,필링/스크럽,필링,폴라초이스,바하 리퀴드 118ml,4.8,628,"29,400",https://www.musinsa.com/products/2758160
54,클렌징,필링/스크럽,바디 스크럽,럽센트,스크럽워시 코지파이어 시더우드 500ml + 럽센트 바디워시 디스커버리 키트 증정,4.9,358,"12,900",https://www.musinsa.com/products/3686927
55,클렌징,필링/스크럽,바디 스크럽,럽센트,스크럽워시 플라워마켓 화이트튤립 500ml + 럽센트 디스커버리 증정,4.9,514,"12,900",https://www.musinsa.com/products/3686939
56,클렌징,페이셜클렌징,클렌징폼,이니스프리,화산송이 바하 모공 클렌징 폼 [대용량] 250g 2개,5,1,"28,500",https://www.musinsa.com/products/3814065
57,클렌징,필링/스크럽,바디 스크럽,휩드,[선물 쇼핑백 증정] 휩드 비건 팩스크럽 210g (3종 택1),4.9,90,"30,000",https://www.musinsa.com/products/4362324
58,클렌징,페이셜클렌징,클렌징폼,마미케어,율무가루 효소세안제,4,1,"21,900",https://www.musinsa.com/products/4586508
59,클렌징,페이셜클렌징,클렌징폼,이니스프리,화산송이 바하 모공 클렌징 폼 [대용량] 250g,4.9,511,"14,250",https://www.musinsa.com/products/3519402
60,클렌징,페이셜클렌징,클렌징폼,라운드랩,[2pack] 1025 독도 클렌저 200ml (+40ml 추가증정),별점 없음,0,"28,900",https://www.musinsa.com/products/4756031
61,클렌징,페이셜클렌징,클렌징폼,라운드랩,1025 독도 버블 폼 150ml,4.9,675,"9,900",https://www.musinsa.com/products/2782472
62,클렌징,페이셜클렌징,클렌징패드,블리스텍스,스트라이덱스 센시티브 패드 90매,4.8,"1,392","12,500",https://www.musinsa.com/products/1515058
63,클렌징,페이셜클렌징,클렌징패드,아리얼,스트레스 릴리빙 퓨어풀 립앤아이 리무버 패드 30매 X 3개,4.9,66,"7,800",https://www.musinsa.com/products/2582150
64,클렌징,페이셜클렌징,클렌징폼,헤라,리프레싱 클렌징 폼 160g,4.8,77,"31,150",https://www.musinsa.com/products/3962332
65,클렌징,메이크업클렌징,클렌징오일,이즈앤트리,참마 비건 밀크 클렌저 220ml,4.8,261,"23,800",https://www.musinsa.com/products/2654176
66,클렌징,페이셜클렌징,클렌징폼,비플레인,녹두 모공 약산성 클렌징 폼 80ml,4.9,"5,359","9,800",https://www.musinsa.com/products/1678168
67,클렌징,메이크업클렌징,클렌징워터,마미케어,바다포도 피지 연화제 145ml,4.8,13,"18,900",https://www.musinsa.com/products/4702615
68,클렌징,페이셜클렌징,클렌징폼,아렌시아,블랙티&유즈 클렌저 120g,별점 없음,0,"23,000",https://www.musinsa.com/products/4734600
69,클렌징,페이셜클렌징,클렌징폼,에스트라,아토베리어365 버블클렌저 150ml,4.9,358,"19,000",https://www.musinsa.com/products/2172567
70,클렌징,필링/스크럽,필링,닥터지,브라이트닝 필링 젤 120g,4.9,488,"18,000",https://www.musinsa.com/products/1250105
71,클렌징,메이크업클렌징,클렌징오일,에뛰드,리얼아트 클렌징 오일 모이스처 2종 기획세트 (본품 + 리필),4.9,185,"22,400",https://www.musinsa.com/products/2003205
72,클렌징,페이셜클렌징,클렌징폼,포맨트,시그니처 폼 클렌저 120ml,4.9,156,"18,000",https://www.musinsa.com/products/1434741
73,클렌징,페이셜클렌징,클렌징폼,믹순,병풀 클렌징 폼 150ml,4.8,860,"18,000",https://www.musinsa.com/products/3540081
74,클렌징,필링/스크럽,필링,프리메라,페이셜 마일드 필링 150ml,4.9,413,"25,500",https://www.musinsa.com/products/1301124
75,클렌징,메이크업클렌징,클렌징로션/크림,비플레인,[갈아쓰는 맷돌밤]녹두 모공 그라인딩 클렌징밤 100ml,4.7,67,"20,800",https://www.musinsa.com/products/4301921
76,클렌징,페이셜클렌징,클렌징폼,이니스프리,비자 트러블 클렌징폼 150g 2개,4.9,565,"18,000",https://www.musinsa.com/products/3670795
77,클렌징,페이셜클렌징,클렌징폼,구달,[먼작귀콜라보] 비건라이스 밀크 팩 클렌저 더블기획 [150*2ea+거울키링],4.9,7,"16,150",https://www.musinsa.com/products/4633248
78,클렌징,필링/스크럽,페이스 스크럽,비플레인,[세안 밴드 포함]녹두 모공 클레이 팩 세트,4.9,244,"18,900",https://www.musinsa.com/products/3572252
79,클렌징,페이셜클렌징,클렌징폼,셀퓨전씨,파파야 그레뉼 필스 50g,4.8,80,"13,000",https://www.musinsa.com/products/4343861
80,클렌징,페이셜클렌징,클렌징폼,스킨1004,마다가스카르 센텔라 앰플 폼 125ml,4.9,319,"14,000",https://www.musinsa.com/products/1501833
81,클렌징,페이셜클렌징,클렌징폼,우르오스,페이스 워시 100g x 2개 (폼클렌징),4.9,196,"21,648",https://www.musinsa.com/products/1533232
82,클렌징,메이크업클렌징,클렌징로션/크림,바닐라코,클린잇제로 포어 클래리파잉 클렌징밤 100ml,4.9,356,"17,000",https://www.musinsa.com/products/3994039
83,클렌징,메이크업클렌징,클렌징로션/크림,메이크프렘,[SET] 클렌징 밀크 500ml+리필 100ml 2개,4.7,9,"56,420",https://www.musinsa.com/products/4704494
84,클렌징,립&아이 리무버,없음,아리얼,스트레스 릴리빙 퓨어풀 미셀라 립앤아이 리무버 300ml,4.9,16,"8,550",https://www.musinsa.com/products/1777728
85,클렌징,필링/스크럽,페이스 스크럽,오브제,블랙헤드 스크럽 밤,4.7,490,"12,900",https://www.musinsa.com/products/3174808
86,클렌징,립&아이 리무버,없음,클리오,[2pack] 킬래쉬 마스카라 리무버,4.9,599,"14,400",https://www.musinsa.com/products/3039685
87,클렌징,페이셜클렌징,클렌징젤,코스알엑스,약산성 굿모닝 젤 클렌저 듀오 세트,4.9,303,"10,800",https://www.musinsa.com/products/2179086
88,클렌징,페이셜클렌징,클렌징폼,아비브,아크네 폼 클렌저 어성초 폼 150ml,4.9,43,"12,000",https://www.musinsa.com/products/4650519
89,클렌징,페이셜클렌징,클렌징폼,에스트라,아토베리어365 버블클렌저 150ML 2개,4.9,44,"36,000",https://www.musinsa.com/products/4500418
90,클렌징,메이크업클렌징,클렌징워터,코스알엑스,[2pack] 약산성 나이아신아마이드 미셀라 클렌징 워터 400ml * 2개,4.8,81,"18,800",https://www.musinsa.com/products/4250222
91,클렌징,페이셜클렌징,클렌징폼,파파레서피,티트리 컨트롤 효소 파우더 클렌저 50ml,4.8,298,"16,200",https://www.musinsa.com/products/3522504
92,클렌징,메이크업클렌징,클렌징로션/크림,바닐라코,[2PACK] 클린잇제로 카밍 클렌징밤 100ml,4.9,27,"32,000",https://www.musinsa.com/products/3994033
93,클렌징,필링/스크럽,필링,주미소,블랙헤드 멜팅 소프트너 기획세트 150ml (+밀착패드 40매),4.8,40,"15,500",https://www.musinsa.com/products/4368923
94,클렌징,메이크업클렌징,클렌징워터,더샘,힐링 티 가든 티트리 클렌징 워터 300ml x 3개,4.9,109,"14,000",https://www.musinsa.com/products/3064001
95,클렌징,페이셜클렌징,클렌징폼,에스트라,테라크네365 클리어 딥 클렌징 폼 200g,4.9,433,"21,850",https://www.musinsa.com/products/2172781
96,클렌징,메이크업클렌징,클렌징로션/크림,디마프,올데이글로우 크리미 밀크클렌저 300ml,4.8,167,"39,000",https://www.musinsa.com/products/3804714
97,클렌징,페이셜클렌징,클렌징폼,마미케어,팥가루 효소세안제,5,6,"21,900",https://www.musinsa.com/products/4586521
98,클렌징,메이크업클렌징,클렌징로션/크림,휘게,소프트리셋 그린 클렌징 밤,4.8,16,"17,100",https://www.musinsa.com/products/2270995
99,클렌징,페이셜클렌징,클렌징폼,아비브,딥 클린 폼 클렌저 수분초 히알루론 폼 150ml,4.9,53,"12,000",https://www.musinsa.com/products/4508670
100,클렌징,립&아이 리무버,없음,시코르 컬렉션,퀵 포인트 메이크업 리무버 100ml,4.8,246,"11,400",https://www.musinsa.com/products/3628899
1,스킨케어,에센스/세럼/앰플,카테고리 없음,토리든,[2종세트] 다이브인 저분자 히알루론산 세럼 50ml+40ml (+멀티패드 2매입 3매+밸런스풀 세럼 10ml),4.9,"13,102","29,400",https://www.musinsa.com/products/2959816
2,스킨케어,기획세트,카테고리 없음,셀인샷,EGF 알란테놀 리페어크림 70ml x 2개[총 140ml],4.8,156,"82,580",https://www.musinsa.com/products/4624276
3,스킨케어,마스크팩,페이셜팩,토리든,다이브인 저분자 히알루론산 마스크 27ml 10매,4.9,"2,571","19,900",https://www.musinsa.com/products/2584592
4,스킨케어,에센스/세럼/앰플,카테고리 없음,토리든,다이브인 저분자 히알루론산 세럼 70ml (+수딩크림 20ml),4.9,320,"28,500",https://www.musinsa.com/products/4220847
5,스킨케어,크림,카테고리 없음,에스트라,아토베리어365 크림 80ml 2개,4.9,"10,745","59,400",https://www.musinsa.com/products/3992824
6,스킨케어,크림,카테고리 없음,에스트라,아토베리어365 크림 80ml,4.9,"10,745","31,350",https://www.musinsa.com/products/2172345
7,스킨케어,패드,카테고리 없음,스킨푸드,[총 3개] 당근＆미나리＆도토리&감자 패드 30매 2pack (1pack 추가 증정),4.9,"7,671","23,400",https://www.musinsa.com/products/3543755
8,스킨케어,로션,카테고리 없음,온그리디언츠,온그리디언츠 스킨 베리어 카밍 로션 220ml,4.8,"1,547","28,000",https://www.musinsa.com/products/3604503
9,스킨케어,에센스/세럼/앰플,카테고리 없음,웰라쥬,[웰라쥬x브레드이발소] 리얼 히알루로닉 블루 앰플 175ml (100ml 본품+75ml 윌크 리필+꾸미기 스티커),5,69,"53,000",https://www.musinsa.com/products/4702172
10,스킨케어,패드,카테고리 없음,메디힐,네모 토너 패드 본품 100매 +리필 100매 (교차 가능/패드 2매 추가 증정),4.9,"3,004","43,200",https://www.musinsa.com/products/3953077
11,스킨케어,미스트,카테고리 없음,그라운드플랜,미스트 50ml + 50ml 블랙에디션,4.9,32,"30,800",https://www.musinsa.com/products/4725460
12,스킨케어,기획세트,카테고리 없음,설화수,자음2종 세트,4.9,502,"126,000",https://www.musinsa.com/products/3106722
13,스킨케어,크림,카테고리 없음,에스네이처,아쿠아 오아시스 수분 젤크림 80ml,4.9,"3,962","23,900",https://www.musinsa.com/products/3389334
14,스킨케어,크림,카테고리 없음,피지오겔,DMT 크림 150ml 2개,5,152,"52,800",https://www.musinsa.com/products/4058791
15,스킨케어,패드,카테고리 없음,토리든,[SET] 다이브인 저분자 히알루론산 멀티패드 80매 x 2개 (+멀티패드 2매입 3매+다이브인 마스크 1매),4.9,"1,914","32,200",https://www.musinsa.com/products/2772886
16,스킨케어,에센스/세럼/앰플,카테고리 없음,토리든,[2종세트] 다이브인 저분자 히알루론산 세럼 50ml+수딩크림 80ml (+다이브인 세럼 10ml+수딩크림 20ml),4.9,"1,161","34,500",https://www.musinsa.com/products/2959819
17,스킨케어,기획세트,카테고리 없음,닥터지,레드 블레미쉬 클리어 수딩 크림 50ml 듀오 선물하기 세트 (온라인전용),4.9,"17,248","33,000",https://www.musinsa.com/products/1897996
18,스킨케어,스킨/토너,카테고리 없음,우르오스,스킨로션 지복합 200ml,4.9,807,"23,760",https://www.musinsa.com/products/1541638
19,스킨케어,에센스/세럼/앰플,카테고리 없음,이니스프리,[대용량] 레티놀 시카 흔적 앰플 50mL + 사은품 증정,4.9,"3,630","51,300",https://www.musinsa.com/products/3098201
20,스킨케어,미스트,카테고리 없음,정샘물,[화잘먹미스트] 에센셜 물 마이크로 피팅 미스트 55ml (물토너15ml 증정),4.8,"1,691","18,000",https://www.musinsa.com/products/2580012
21,스킨케어,기획세트,카테고리 없음,설화수,탄력 3종세트,4.9,255,"171,000",https://www.musinsa.com/products/3106729
22,스킨케어,에센스/세럼/앰플,카테고리 없음,웰라쥬,리얼 히알루로닉 블루 100앰플 100ml x 2개 (+히알 앰플 마스크 2매 증정),4.9,"1,592","49,900",https://www.musinsa.com/products/2797484
23,스킨케어,크림,카테고리 없음,토리든,[SET] 다이브인 저분자 히알루론산 수딩크림 80ml X 2개 (+멀티패드 2매입 3매+다이브인 마스크 1매),4.9,"1,494","33,500",https://www.musinsa.com/products/3578031
24,스킨케어,크림,카테고리 없음,닥터지,(1+1+1)레드 블레미쉬 클리어 수딩 크림 50mL,4.9,"1,602","51,000",https://www.musinsa.com/products/2976849
25,스킨케어,에센스/세럼/앰플,카테고리 없음,웰라쥬,리얼 히알루로닉 블루 100 앰플 100ml (+히알 앰플 마스크 증정),4.9,"2,684","26,600",https://www.musinsa.com/products/2417998
26,스킨케어,크림,카테고리 없음,토리든,[SET] 다이브인 저분자 히알루론산 크림 80ml x 2개 [총 160ml] (+다이브인 마스크 2매),4.9,"2,062","35,200",https://www.musinsa.com/products/2725216
27,스킨케어,올인원,카테고리 없음,우르오스,스킨밀크 중건성 200ml,4.9,"1,273","24,354",https://www.musinsa.com/products/1541652
28,스킨케어,에센스/세럼/앰플,카테고리 없음,디마프,히어로 마이 퍼스트 세럼 a.k.a. 만능기초 145ml,4.9,769,"32,000",https://www.musinsa.com/products/3814880
29,스킨케어,크림,카테고리 없음,이즈앤트리,[SET] 어니언 뉴페어 겔크림 80ml+50ml,4.8,38,"45,800",https://www.musinsa.com/products/4683351
30,스킨케어,기획세트,카테고리 없음,라운드랩,[쇼핑백증정] 소나무 진정 시카 토너 250ml + 로션 250ml(+소나무마스크증정),4.9,710,"30,500",https://www.musinsa.com/products/4037726
31,스킨케어,올인원,카테고리 없음,토리든,다이브인 포맨 저분자 히알루론산 올인원 200g_무신사단품기획 (+다이브인 폼 30ml+쇼핑백),4.9,303,"22,900",https://www.musinsa.com/products/4399451
32,스킨케어,에센스/세럼/앰플,카테고리 없음,마미케어,모공 절반 감소 바다포도 모공앰플 50ml (+미백마스크팩 2매),4.7,67,"23,900",https://www.musinsa.com/products/4586152
33,스킨케어,기획세트,카테고리 없음,스킨푸드,당근&미나리&도토리&감자 패드 60매 (30매 교차 증정),4.9,"2,095","23,400",https://www.musinsa.com/products/3802517
34,스킨케어,마스크팩,페이셜팩,메디힐,더마 365 데일리 마스크 30매 3종(티트리/콜라겐/마데카소사이드),4.9,"1,636","19,600",https://www.musinsa.com/products/3551927
35,스킨케어,에센스/세럼/앰플,카테고리 없음,메디힐,마데카소사이드 흔적 리페어 세럼 40ml,4.7,416,"19,800",https://www.musinsa.com/products/4108584
36,스킨케어,에센스/세럼/앰플,카테고리 없음,비플레인,녹두 모공 타이트업 세럼 x 2개 (증정 : 클렌징폼 20ml + 녹두쿨링팩 1매),4.8,301,"21,900",https://www.musinsa.com/products/3900772
37,스킨케어,올인원,카테고리 없음,다슈,맨즈 아쿠아 딥 워터풀 올인원 로션 153ml (+아쿠아 올인원 로션 30ml 증정),4.8,"3,353","11,900",https://www.musinsa.com/products/680655
38,스킨케어,에센스/세럼/앰플,카테고리 없음,어테이션,어테이션 콜라겐 리파이닝 탄력 세럼 앰플,5,9,"29,700",https://www.musinsa.com/products/4759688
39,스킨케어,로션,카테고리 없음,에스트라,아토베리어365 로션 150ml,4.9,"3,123","31,350",https://www.musinsa.com/products/2172337
40,스킨케어,크림,카테고리 없음,토리든,[SET] 솔리드인 세라마이드 크림 70ml x 2개 (+솔리드인 립 에센스 11ml),4.9,352,"41,900",https://www.musinsa.com/products/3836455
41,스킨케어,올인원,카테고리 없음,닥터지,레드 블레미쉬 포 맨 진정 올인원 150ml*2개,4.9,"4,696","43,000",https://www.musinsa.com/products/1729476
42,스킨케어,에센스/세럼/앰플,카테고리 없음,토리든,[SET] 밸런스풀 시카 진정 세럼 70ml X 2개 (+다이브인 세럼 20ml+밸런스풀 세럼 10ml+쇼핑백),4.9,276,"48,000",https://www.musinsa.com/products/4249737
43,스킨케어,로션,카테고리 없음,온그리디언츠,[더블구성세트]스킨 베리어 카밍 로션 220ml X 2개,4.9,192,"56,000",https://www.musinsa.com/products/3823529
44,스킨케어,에센스/세럼/앰플,카테고리 없음,코스알엑스,더 비타민씨 23 세럼,4.8,"3,320","18,000",https://www.musinsa.com/products/2775186
45,스킨케어,에센스/세럼/앰플,카테고리 없음,유아른,비건 아하파하 앰플 55ml,5,10,"31,500",https://www.musinsa.com/products/4709949
46,스킨케어,에센스/세럼/앰플,카테고리 없음,코스알엑스,[SET] 더 비타민씨 23 세럼 20g x 2개,4.8,"1,703","30,500",https://www.musinsa.com/products/3764779
47,스킨케어,스킨/토너,카테고리 없음,에스네이처,아쿠아 오아시스 토너 300ml,4.9,"2,641","20,900",https://www.musinsa.com/products/2632600
48,스킨케어,스킨/토너,카테고리 없음,토리든,[SET] 다이브인 저분자 히알루론산 토너 300ml x 2개(+다이브인 토너 50ml),4.9,"1,343","38,000",https://www.musinsa.com/products/3505072
49,스킨케어,에센스/세럼/앰플,카테고리 없음,코스알엑스,[SET] 더 6 펩타이드 스킨 부스터 세럼 150ml x 2개,4.9,804,"30,500",https://www.musinsa.com/products/3764834
50,스킨케어,크림,카테고리 없음,토리든,솔리드인 세라마이드 크림 70ml (+다이브인 마스크 1매),4.9,731,"23,100",https://www.musinsa.com/products/2659564
51,스킨케어,에센스/세럼/앰플,카테고리 없음,퍼셀,[장벽강화원액]20억/mL 픽셀바이옴 원액 듀오 (30mL + 30mL),5,92,"72,000",https://www.musinsa.com/products/4623100
52,스킨케어,에센스/세럼/앰플,카테고리 없음,디마프,판테놀 30% 앰플 55ml,4.9,230,"46,000",https://www.musinsa.com/products/3803875
53,스킨케어,마스크팩,페이셜팩,메디힐,[2pack] 에센셜 마스크 팩 6종 10매*2개 골라담기 (총20매),4.9,"6,832","28,000",https://www.musinsa.com/products/3044262
54,스킨케어,크림,카테고리 없음,토리든,밸런스풀 시카 진정 크림 80ml,4.9,"1,591","19,800",https://www.musinsa.com/products/2996090
55,스킨케어,미스트,카테고리 없음,정샘물,[화잘먹미스트] 에센셜 물 마이크로 피팅 미스트 120ml 프렙프라이머5ml + 앰플선5ml 증정),4.8,873,"27,060",https://www.musinsa.com/products/2580030
56,스킨케어,에센스/세럼/앰플,카테고리 없음,코스알엑스,더 6 펩타이드 스킨 부스터 세럼 150ml,4.9,"1,821","18,000",https://www.musinsa.com/products/3596281
57,스킨케어,에센스/세럼/앰플,카테고리 없음,앰플엔,대용량 앰플 100ml 1+1 (5종/택2),4.8,832,"45,900",https://www.musinsa.com/products/1581651
58,스킨케어,패드,카테고리 없음,메디힐,네모 토너 패드 100매 7종(티트리/워터마이드/콜라겐/비타마이드/피토엔자임/레티놀),4.8,"1,922","23,400",https://www.musinsa.com/products/3020375
59,스킨케어,스킨/토너,카테고리 없음,미샤,핑꺼비 에디션 글로우스킨밤 2개 (소주잔 2P 증정),4.8,8,"20,000",https://www.musinsa.com/products/4734695
60,스킨케어,에센스/세럼/앰플,카테고리 없음,라운드랩,소나무 진정 시카 앰플 대용량 50ml,4.9,"1,159","25,900",https://www.musinsa.com/products/3748858
61,스킨케어,크림,카테고리 없음,피지오겔,DMT 크림 150ml,4.9,"1,059","29,900",https://www.musinsa.com/products/2570504
62,스킨케어,에센스/세럼/앰플,카테고리 없음,에스네이처,아쿠아 스쿠알란 세럼 50ml,4.9,"1,004","18,900",https://www.musinsa.com/products/2633304
63,스킨케어,스킨/토너,카테고리 없음,아임프롬,라이스 토너,5,2,"28,000",https://www.musinsa.com/products/2786187
64,스킨케어,마스크팩,페이셜팩,메디힐,에센셜 마스크 팩 10매 6종,4.9,"1,907","14,000",https://www.musinsa.com/products/3020393
65,스킨케어,크림,카테고리 없음,라운드랩,[2pack] 1025 독도 수분 크림 50ml(+독도 워터겔 마스크 1매 증정),4.9,122,"28,000",https://www.musinsa.com/products/4104569
66,스킨케어,에센스/세럼/앰플,카테고리 없음,잇츠스킨,파워 10 감초줄렌 이펙터 30ml 듀오 세트 (30ml 본품 2개 + 30ml 리필 1개) + 젤크림 55ml 본품 증정,4.9,499,"18,400",https://www.musinsa.com/products/3483722
67,스킨케어,크림,카테고리 없음,닥터오라클,EPL 큐어 크림 XD (X-Dry) 60ml,4.9,38,"29,400",https://www.musinsa.com/products/2130854
68,스킨케어,크림,카테고리 없음,토리든,[3종세트] 다이브인 저분자 히알루론산 세럼 70ml+50ml+40ml (+수딩크림 20ml+다이브인 폼 30ml+쇼핑백),4.8,22,"53,200",https://www.musinsa.com/products/3298438
69,스킨케어,패드,카테고리 없음,스킨푸드,[라이스 패드 2매입 증정] 캐롯 카로틴 카밍 워터 패드 60매,4.9,"6,716","23,400",https://www.musinsa.com/products/1544515
70,스킨케어,스킨/토너,카테고리 없음,더랩바이블랑두,저분자 히알루론산 딥 토너 500ml,4.9,852,"37,000",https://www.musinsa.com/products/3503400
71,스킨케어,에센스/세럼/앰플,카테고리 없음,이니스프리,레티놀 그린티 PDRN 스킨부스터 앰플 40mL + 사은품 증정,4.9,83,"54,150",https://www.musinsa.com/products/4667710
72,스킨케어,마스크팩,페이셜팩,바이오던스,바이오 콜라겐 리얼 딥 마스크(8매입),4.9,463,"38,000",https://www.musinsa.com/products/3714794
73,스킨케어,크림,카테고리 없음,셀인샷,EGF 알란테놀 리페어크림,4.8,213,"41,290",https://www.musinsa.com/products/4553347
74,스킨케어,미스트,카테고리 없음,그라운드플랜,미스트 330ml,5,286,"66,600",https://www.musinsa.com/products/2635735
75,스킨케어,스킨/토너,카테고리 없음,셀퓨전씨,포스트알파 퍼스트 쿨링 패드 70매 (+ 쿨링패드 30매),4.9,987,"17,500",https://www.musinsa.com/products/2587472
76,스킨케어,로션,카테고리 없음,에스트라,아토베리어365 로션 150ml 2개,4.9,"3,123","59,400",https://www.musinsa.com/products/3992843
77,스킨케어,스킨/토너,카테고리 없음,아비브,[어성초토너 30ml 증정] 어성초 카밍 토너 스킨 부스터 200ml,4.9,148,"16,000",https://www.musinsa.com/products/4650498
78,스킨케어,패드,카테고리 없음,코스알엑스,[2pack] 원스텝 패드 3종 2개 골라담기(70매x2개),4.9,604,"25,000",https://www.musinsa.com/products/4133420
79,스킨케어,스킨/토너,카테고리 없음,토리든,다이브인 저분자 히알루론산 토너 300ml,4.9,"1,204","19,000",https://www.musinsa.com/products/2584505
80,스킨케어,에센스/세럼/앰플,카테고리 없음,에스트라,아토베리어365 하이드로 에센스 200ml,4.9,"1,101","30,400",https://www.musinsa.com/products/3509728
81,스킨케어,에센스/세럼/앰플,카테고리 없음,비플레인,[조구만에디션]녹두 약산성 클렌징폼 200ml 세트(증정:핸드타올),4.9,507,"18,900",https://www.musinsa.com/products/4444149
82,스킨케어,크림,카테고리 없음,메이크프렘,[증정] 인테카 수딩 크림 80ml,4.9,"1,780","24,320",https://www.musinsa.com/products/2409013
83,스킨케어,로션,카테고리 없음,라운드랩,소나무 진정 시카 로션 250ml,4.9,"1,397","18,500",https://www.musinsa.com/products/2823000
84,스킨케어,에센스/세럼/앰플,카테고리 없음,토리든,[2종세트] 다이브인 저분자 히알루론산 세럼 50ml+멀티패드 80매 (+멀티패드 2매입 3매+다이브인 마스크 1매),4.9,162,"35,900",https://www.musinsa.com/products/3429440
85,스킨케어,크림,카테고리 없음,코스알엑스,더 레티놀 0.1 크림 20ml,4.8,"2,156","20,000",https://www.musinsa.com/products/2775335
86,스킨케어,스킨/토너,카테고리 없음,라운드랩,1025 독도 토너 500ml(+독도 클렌저 40ml + 워터겔 마스크 1매 증정),4.9,"2,164","24,000",https://www.musinsa.com/products/1218467
87,스킨케어,스킨/토너,카테고리 없음,라운드랩,소나무 진정 시카 토너 250ml,4.9,"1,254","17,500",https://www.musinsa.com/products/2822962
88,스킨케어,스킨/토너,카테고리 없음,오브제,포어 제로 필링 토너 + 오일 컨트롤 로션 세트,5,7,"34,500",https://www.musinsa.com/products/4623690
89,스킨케어,에센스/세럼/앰플,카테고리 없음,폴라초이스,10% 나이아신아마이드 부스터 앰플 20ml,4.8,852,"60,480",https://www.musinsa.com/products/3191989
90,스킨케어,에센스/세럼/앰플,카테고리 없음,빌리프,클래식 에센스 인크리멘트 50ml 세트 (+스탠머그 증정),4.8,72,"39,000",https://www.musinsa.com/products/2721063
91,스킨케어,마스크팩,코팩/패치,일소,네추럴 마일드 클리어 노우즈 팩 바이오셀룰로오즈 5매입,4.9,"1,014","15,000",https://www.musinsa.com/products/3634895
92,스킨케어,크림,카테고리 없음,빌리프,클래식 크림 얼티미트 스페셜 기획세트 (+스탠머그 증정),4.8,6,"44,000",https://www.musinsa.com/products/4389010
93,스킨케어,에센스/세럼/앰플,카테고리 없음,이니스프리,레티놀 그린티 PDRN 스킨부스터 앰플 25mL + 사은품 증정,4.8,345,"38,000",https://www.musinsa.com/products/4291281
94,스킨케어,크림,카테고리 없음,에스트라,아토베리어365 크림 80ml 3개,4.9,36,"89,100",https://www.musinsa.com/products/4656181
95,스킨케어,기획세트,카테고리 없음,셀인샷,"보툴샷 100 50ml x 2개 / 모공 타이트닝, 탄력 세럼",4.9,51,"82,580",https://www.musinsa.com/products/4628632
96,스킨케어,에센스/세럼/앰플,카테고리 없음,이니스프리,그린티 씨드 히알루론산 세럼 [대용량] 130mL + 사은품 증정,4.9,236,"39,150",https://www.musinsa.com/products/4238064
97,스킨케어,마스크팩,페이셜팩,바이오던스,바이오 콜라겐 리얼 딥 마스크(4매입),4.8,627,"19,000",https://www.musinsa.com/products/3752607
98,스킨케어,크림,카테고리 없음,정샘물,에센셜 물 크림 50ml (앰플선5ml 2개 + 딥클렌징폼15ml + 물크림마스크 2매 증정),4.9,522,"45,050",https://www.musinsa.com/products/2580162
99,스킨케어,에센스/세럼/앰플,카테고리 없음,이니스프리,레티놀 시카 흔적 앰플 30mL + 사은품 증정,4.8,"1,903","36,000",https://www.musinsa.com/products/3098202
100,스킨케어,스팟케어,카테고리 없음,파파레서피,마데케어 연고 33g,4.8,914,"17,600",https://www.musinsa.com/products/2891252
1,썬케어,선크림,카테고리 없음,무신사 스탠다드 뷰티,[HDEX콜라보/증정기획] 액티브 워터프루프 선크림 SPF50+ PA++++ 50ml,4.9,417,"10,900",https://www.musinsa.com/products/3929361
2,썬케어,선크림,카테고리 없음,에뛰드,순정 디렉터 수분 선크림 기획세트,4.9,"1,721","17,500",https://www.musinsa.com/products/2436679
3,썬케어,선크림,카테고리 없음,이니스프리,톤업 노세범 선스크린 EX SPF 50+ PA4+ 60mL 2개,4.8,442,"36,000",https://www.musinsa.com/products/3262900
4,썬케어,선크림,카테고리 없음,라운드랩,1025 독도 선크림 50ml,4.9,"1,020","15,900",https://www.musinsa.com/products/2782655
5,썬케어,선크림,카테고리 없음,셀퓨전씨,레이저 썬스크린 100 35ml 2pack,4.9,257,"17,900",https://www.musinsa.com/products/4701719
6,썬케어,선크림,카테고리 없음,토리든,[SET] 다이브인 무기자차 마일드 선크림 60ml x 2개 (+무기자차 선크림 20ml),4.9,"1,015","39,000",https://www.musinsa.com/products/2959830
7,썬케어,선크림,카테고리 없음,다슈,데일리 유브이 쉴드 골프 패치 5회분,5,5,"3,500",https://www.musinsa.com/products/4706739
8,썬케어,선크림,카테고리 없음,이니스프리,히알루론 수분 선크림 SPF50+ PA4+ 50mL 2개,4.9,286,"42,000",https://www.musinsa.com/products/3262898
9,썬케어,선세럼/젤,선세럼,스킨1004,마다가스카르 센텔라 히알루-시카 워터핏 선 세럼 50ml,4.9,189,"19,000",https://www.musinsa.com/products/2512802
10,썬케어,선크림,카테고리 없음,닥터지,브라이트닝 업 선 플러스 50ml X 2개,4.9,908,"38,000",https://www.musinsa.com/products/2496324
11,썬케어,선쿠션/파우더,카테고리 없음,테,초록 35_CHOROK 35_데일리 무기자차 톤업 리핏 선쿠션 (14g),4.7,319,"34,000",https://www.musinsa.com/products/3790432
12,썬케어,선크림,카테고리 없음,듀이트리,어반쉐이드 안티폴루션 선 SPF50+ PA++++ 40ml,4.9,"1,721","12,900",https://www.musinsa.com/products/2634633
13,썬케어,선크림,카테고리 없음,셀리맥스,오일 컨트롤 선크림 40ml,4.9,460,"17,100",https://www.musinsa.com/products/4126145
14,썬케어,선크림,카테고리 없음,펠드아포테케,[SET]에어리 워터 선스크린 프로페셔널 37ml x 2,4.9,35,"48,000",https://www.musinsa.com/products/4095446
15,썬케어,선크림,카테고리 없음,토리든,[SET] 다이브인 워터리 모이스처 선크림 60ml x 2개 (+무기자차 선크림 20ml),4.9,276,"33,000",https://www.musinsa.com/products/3333368
16,썬케어,선크림,카테고리 없음,헤라,UV프로텍터 멀티디펜스SPF50+PA++++ 50ML + [사은품증정],4.9,499,"42,750",https://www.musinsa.com/products/2364099
17,썬케어,선크림,카테고리 없음,닥터지,레드 블레미쉬 수딩 업 선 50ml X 2개,4.9,391,"29,000",https://www.musinsa.com/products/3858943
18,썬케어,선쿠션/파우더,카테고리 없음,듀이트리,어반쉐이드 커버앤핏 선쿠션 SPF50+ PA++++ 14g,4.7,442,"14,400",https://www.musinsa.com/products/2637403
19,썬케어,선크림,카테고리 없음,셀퓨전씨,토닝 썬스크린 50ml 2pack(+ 레이저 썬스크린 10ml 3pack),4.8,44,"33,000",https://www.musinsa.com/products/4307505
20,썬케어,선크림,카테고리 없음,에스네이처,아쿠아 365 유브이 선크림 40ml,4.9,535,"18,500",https://www.musinsa.com/products/3312904
21,썬케어,선크림,카테고리 없음,토리든,다이브인 저분자 히알루론산 멀티패드 160ml 80매,4.9,287,"18,900",https://www.musinsa.com/products/2649631
22,썬케어,선크림,카테고리 없음,에뛰드,순정 디렉터 무기자차 선크림 기획세트,4.8,773,"17,500",https://www.musinsa.com/products/2436680
23,썬케어,선크림,카테고리 없음,에뛰드,순정 디렉터 톤업 수정 선크림 & 폼 클렌저 기획 세트,4.6,235,"17,500",https://www.musinsa.com/products/3967959
24,썬케어,선크림,카테고리 없음,빌리프,UV프로텍터 톤업 선 스크린 듀오 기획세트,4.6,25,"43,200",https://www.musinsa.com/products/3913861
25,썬케어,선크림,카테고리 없음,셀퓨전씨,레이저 UV 썬스크린 50ml (+ 레이저 썬스크린 10ml),4.8,87,"17,150",https://www.musinsa.com/products/4212865
26,썬케어,선크림,카테고리 없음,구달,맑은 어성초 진정 수분 선크림 50ml(24AD),4.9,473,"16,000",https://www.musinsa.com/products/2791535
27,썬케어,선크림,카테고리 없음,에스트라,더마UV365 장벽수분 무기자차 선크림 40ml,4.8,267,"29,450",https://www.musinsa.com/products/3316501
28,썬케어,선스틱/선스프레이,선스틱,에이에이치씨,마스터즈 에어리치 선스틱 14g+(GIFT)선크림 10ml,5,148,"16,900",https://www.musinsa.com/products/4343472
29,썬케어,태닝/애프터선,애프터선,선더즈매터,쿨다운 포 스킨 릴렉스 수딩 젤 200ml,4.9,130,"3,500",https://www.musinsa.com/products/3521469
30,썬케어,선크림,카테고리 없음,닥터지,그린 마일드 업 선 플러스 50ml X 2개,4.9,"2,186","38,000",https://www.musinsa.com/products/2496302
31,썬케어,선크림,카테고리 없음,파티온,노스카나인 잡티 프루프 선크림,4.9,83,"9,900",https://www.musinsa.com/products/2657577
32,썬케어,선쿠션/파우더,카테고리 없음,톤핏선,비건 파데프리 톤업 선쿠션 12g,4.7,125,"19,200",https://www.musinsa.com/products/3840746
33,썬케어,선크림,카테고리 없음,오드타입,워터리 톤 업 선 밀크 SPF50+ PA++++ 50ml,4.7,723,"14,900",https://www.musinsa.com/products/3809806
34,썬케어,선크림,카테고리 없음,쉬몬브레드,에센셜 메이크업 선로션,4.9,92,"30,000",https://www.musinsa.com/products/2336446
35,썬케어,선크림,카테고리 없음,설화수,상백 톤업 선크림 50ML,4.7,22,"81,000",https://www.musinsa.com/products/3828397
36,썬케어,선크림,카테고리 없음,비레디,블루 수분 선크림 50ml SPF 50 PA++++,4.9,"1,480","22,000",https://www.musinsa.com/products/3177639
37,썬케어,선세럼/젤,선세럼,키스,핑크 데저트 선세럼 50ml SPF50+ PA++++,5,24,"23,800",https://www.musinsa.com/products/4130264
38,썬케어,선크림,카테고리 없음,에스쁘아,워터 스플래쉬 선크림 세라마이드 60ml SPF50+ PA++++,4.8,329,"17,600",https://www.musinsa.com/products/3039597
39,썬케어,선쿠션/파우더,카테고리 없음,테,초록 35 _데일리 무기자차 톤업 선쿠션 리필 14g,4.9,46,"20,000",https://www.musinsa.com/products/3910075
40,썬케어,선크림,카테고리 없음,에스쁘아,[1+1/총2개] 워터 스플래쉬 선크림 세라마이드 2개입,4.9,446,"30,800",https://www.musinsa.com/products/2875521
41,썬케어,선세럼/젤,선세럼,펠드아포테케,판테카 앰플 선스크린 30ml,4.8,17,"49,500",https://www.musinsa.com/products/4191949
42,썬케어,선크림,카테고리 없음,헤이네이처,어성초 그린 톤업 크림,4.8,4,"30,000",https://www.musinsa.com/products/4628448
43,썬케어,선크림,카테고리 없음,스킨푸드,베리 진정 선크림 50ml SPF50+ PA++++,4.8,689,"21,600",https://www.musinsa.com/products/3004067
44,썬케어,선크림,카테고리 없음,토리든,다이브인 무기자차 마일드 선크림 50ml 기획세트 (+클렌징폼 30ml),4.9,15,"24,000",https://www.musinsa.com/products/4638546
45,썬케어,선크림,카테고리 없음,토코보,바이오 워터리 선크림 50mL,4.9,206,"21,600",https://www.musinsa.com/products/3554399
46,썬케어,태닝/애프터선,애프터선,선더즈매터,쿨다운 포 스킨 릴렉스 선 클리너 150ml,4.6,81,"3,500",https://www.musinsa.com/products/3656900
47,썬케어,선크림,카테고리 없음,메디힐,수분 유브이컷 선크림 50ml,4.8,267,"15,300",https://www.musinsa.com/products/3993353
48,썬케어,선스틱/선스프레이,선스틱,듀이트리,어반쉐이드 쿨카밍 선스틱 SPF50+ PA++++ 20g,4.8,"1,120","14,400",https://www.musinsa.com/products/2637406
49,썬케어,선크림,카테고리 없음,오드타입,[오드타입x런업 스티커증정] 오버 더 내추럴 립밤 & 워터리 톤 업 선 밀크 세트,4.9,71,"19,900",https://www.musinsa.com/products/3882625
50,썬케어,선크림,카테고리 없음,프리메라,리페어링 세라캡슐 UV프로텍터 톤업 프라이밍 40ml,4.8,34,"30,600",https://www.musinsa.com/products/3907422
51,썬케어,선크림,카테고리 없음,셀퓨전씨,아쿠아티카 썬스크린 100 35ml+35ml,4.9,35,"18,750",https://www.musinsa.com/products/4673454
52,썬케어,선케어세트,카테고리 없음,메즈클라,아웃도어 패치 오리지널 10박스(40회분),별점 없음,0,"150,000",https://www.musinsa.com/products/4462975
53,썬케어,선크림,카테고리 없음,에스트라,더마UV365 레드진정 톤업 선크림 40ml,4.8,114,"29,450",https://www.musinsa.com/products/3316512
54,썬케어,선크림,카테고리 없음,메이크프렘,[증정] 유브이 디펜스 노세범 선크림 50ml,4.8,392,"18,240",https://www.musinsa.com/products/3536112
55,썬케어,선세럼/젤,선세럼,베이지크,리바이탈라이징 CE 선스크린 SPF50+ PA++++,5,5,"34,000",https://www.musinsa.com/products/4263260
56,썬케어,선크림,카테고리 없음,닥터지,브라이트닝 업 선 플러스 35ml 1+1 기획세트,4.9,341,"31,000",https://www.musinsa.com/products/2496082
57,썬케어,선스틱/선스프레이,선스틱,오브제,오일 컨트롤 선스틱 2개 세트,4.8,102,"32,900",https://www.musinsa.com/products/3317081
58,썬케어,태닝/애프터선,태닝,골든클리프,골든클리프 마이애미비치 태닝로션 태닝전용 인텐시파이어 400ml,5,7,"129,000",https://www.musinsa.com/products/4582198
59,썬케어,선크림,카테고리 없음,이니스프리,히알루론 수분 선크림 SPF50+ PA4+ 50mL,4.9,74,"21,000",https://www.musinsa.com/products/3271752
60,썬케어,선스틱/선스프레이,선스틱,오브제,오일 컨트롤 선스틱,4.8,262,"18,900",https://www.musinsa.com/products/3317080
61,썬케어,선크림,카테고리 없음,토리든,밸런스풀 시카 톤업 선크림 60ml,4.8,297,"19,800",https://www.musinsa.com/products/3373035
62,썬케어,선크림,카테고리 없음,펠드아포테케,에어리 워터 선스크린 프로페셔널 37ml,4.9,119,"25,600",https://www.musinsa.com/products/2453114
63,썬케어,선세럼/젤,선세럼,싸이닉,엔조이 슈퍼 마일드 선 에센스 50ml 2개,4.9,477,"19,000",https://www.musinsa.com/products/1654903
64,썬케어,선크림,카테고리 없음,셀퓨전씨,어드밴스드 클리어 썬스크린 50ml (+ 레이저 썬스크린 10ml),5,9,"16,200",https://www.musinsa.com/products/4212808
65,썬케어,선크림,카테고리 없음,설화수,상백선크림 50ml,5,7,"81,000",https://www.musinsa.com/products/4341005
66,썬케어,선크림,카테고리 없음,듀이트리,어반 쉐이드 커버앤핏 SPF50+ PA++++ 40ml,4.7,279,"14,900",https://www.musinsa.com/products/2637385
67,썬케어,선크림,카테고리 없음,닥터지,그린 마일드 업 선 플러스 35mL,4.9,249,"15,900",https://www.musinsa.com/products/1416109
68,썬케어,선크림,카테고리 없음,헤라,UV프로텍터 멀티디펜스 프레쉬 SPF50+PA4+50ML,4.9,239,"42,750",https://www.musinsa.com/products/3087554
69,썬케어,선스틱/선스프레이,선스틱,이즈앤트리,[2PACK] 어니언 프레쉬 플루이드 선크림 50ml (+어니언 뉴페어 클렌징폼 2ml 2매 증정),4.7,18,"35,500",https://www.musinsa.com/products/4630501
70,썬케어,선크림,카테고리 없음,이니스프리,인텐시브 롱래스팅 선스크린 EX SPF 50+ PA4+ 60mL 2개,4.8,45,"36,000",https://www.musinsa.com/products/3262901
71,썬케어,선크림,카테고리 없음,메이크프렘,[증정][2개구성] 수딩 핑크 톤업 선크림 50ml,4.7,59,"36,400",https://www.musinsa.com/products/3973983
72,썬케어,선세럼/젤,선세럼,베라모어,브라이트닝 광채 선세럼 35ml,4.9,123,"24,000",https://www.musinsa.com/products/4199431
73,썬케어,선크림,카테고리 없음,메이크프렘,글로우 베이지 톤업 선크림 50ml,4.7,71,"19,240",https://www.musinsa.com/products/3942849
74,썬케어,선크림,카테고리 없음,블랑디바,멀티 프로텍션 피팅 선베이스,4.9,44,"38,000",https://www.musinsa.com/products/4258641
75,썬케어,선크림,카테고리 없음,비플레인,[2개]선뮤즈 톤업 & 코렉팅 선크림 50ml(증정: 톤업 선 10ml 2개),4.8,85,"29,800",https://www.musinsa.com/products/3572318
76,썬케어,선크림,카테고리 없음,닥터오라클,안티박 더마 라이트 선에센스 SPF50+ PA++++ 60ml,별점 없음,0,"25,900",https://www.musinsa.com/products/2131625
77,썬케어,선크림,카테고리 없음,닥터랩,메디선 프로텍트 SPF50+++,별점 없음,0,"38,400",https://www.musinsa.com/products/4198044
78,썬케어,선크림,카테고리 없음,스킨푸드,베리 선크림 3종 듀오 교차 선택 가능 (나주배 클렌징 오일 30ml 증정),4.9,138,"43,200",https://www.musinsa.com/products/3239345
79,썬케어,선크림,카테고리 없음,에스트라,더마UV365 레드진정 톤업 선크림 40ml 2ea,4.7,6,"55,800",https://www.musinsa.com/products/3951469
80,썬케어,선쿠션/파우더,카테고리 없음,테,[3pack]톤업 데일리 리핏 선쿠션_무기자차_본품(14g) 3개,4.7,45,"82,900",https://www.musinsa.com/products/4145471
81,썬케어,선크림,카테고리 없음,에이에이치씨,마스터즈 아쿠아리치 선크림 듀오세트+(GIFT)클렌징폼30ml,4.9,38,"19,900",https://www.musinsa.com/products/4343440
82,썬케어,선쿠션/파우더,카테고리 없음,테,[본품1+리필1 set]초록 35_데일리 무기자차 톤업 선쿠션 세트(14gX2),4.7,154,"50,200",https://www.musinsa.com/products/3962862
83,썬케어,선크림,카테고리 없음,스킨앤랩,하이베리어 프레쉬 선 로션 50ml ㅣ SPF50+ PA++++,4.8,81,"22,000",https://www.musinsa.com/products/2459535
84,썬케어,선크림,카테고리 없음,러븀,대나무 히알루론산 수분 선크림 30ml,4.9,137,"16,500",https://www.musinsa.com/products/2821021
85,썬케어,선크림,카테고리 없음,아이오페,UV쉴드 에센셜 톤업 50ml,4.9,114,"32,300",https://www.musinsa.com/products/3083740
86,썬케어,선스틱/선스프레이,선스틱,에이에이치씨,마스터즈 에어리치 선스틱 14gx3개+(GIFT)선크림 10mlx3개,5,9,"48,200",https://www.musinsa.com/products/4478624
87,썬케어,선크림,카테고리 없음,스킨푸드,베리 수분 선크림 50ml SPF50+ PA++++,4.8,831,"21,600",https://www.musinsa.com/products/3004059
88,썬케어,선크림,카테고리 없음,포레덤,V6+안티옥시던트 멀티-디펜스 유브이 프로텍터,4.7,3,"68,000",https://www.musinsa.com/products/4647359
89,썬케어,선쿠션/파우더,카테고리 없음,러블리씨씨,핑크 커버 에센스 선쿠션 SPF50+ PA+++ 15g,4.5,28,"12,000",https://www.musinsa.com/products/4259072
90,썬케어,선크림,카테고리 없음,멜릭서,"데일리 스킨 틴트 선스크린 #21호, #23호",5,2,"30,000",https://www.musinsa.com/products/4174998
91,썬케어,선크림,카테고리 없음,넘버즈인,3번 도자기결 파데스킵 톤업베이지 SPF50+ PA++++,4.8,212,"26,000",https://www.musinsa.com/products/4069735
92,썬케어,선세럼/젤,선젤,다슈,데일리 라이트핏 선젤 50ml,4.8,106,"11,500",https://www.musinsa.com/products/561732
93,썬케어,선크림,카테고리 없음,셀퓨전씨,토닝 썬스크린 50ml (+ 레이저 썬스크린 10ml),4.9,79,"18,000",https://www.musinsa.com/products/4297764
94,썬케어,선크림,카테고리 없음,바이오던스,스킨 배리어 선 세이프,4.4,15,"18,000",https://www.musinsa.com/products/3301109
95,썬케어,선크림,카테고리 없음,스킨1004,마다가스카르 센텔라 티트리카 수딩 선 밀크 50ml,5,3,"20,000",https://www.musinsa.com/products/4167200
96,썬케어,선크림,카테고리 없음,아넷사,퍼펙트 UV 선스크린 스킨케어 밀크 NA 60ml,4.9,29,"35,150",https://www.musinsa.com/products/4028946
97,썬케어,선크림,카테고리 없음,아떼,아떼 비건 릴리프 무기자차 선크림 40ml,4.2,18,"27,000",https://www.musinsa.com/products/3917708
98,썬케어,선크림,카테고리 없음,아떼,아떼 비건 릴리프 선 에센스 40ml,4.9,35,"27,000",https://www.musinsa.com/products/3204982
99,썬케어,선쿠션/파우더,카테고리 없음,톤핏선,톤핏선 비건 듀이 커버 선쿠션 12g (촉촉한 누드베이지 톤업),별점 없음,0,"19,200",https://www.musinsa.com/products/4724820
100,썬케어,선크림,카테고리 없음,비레디,블루 수분선크림 50ml 듀오구성(+선크림40ml),5,558,"40,000",https://www.musinsa.com/products/3311324
1,메이크업,립메이크업,립틴트,오드타입,[신규컬러 론칭] 언씬 벌룬 틴트 12종,4.6,"8,936","17,500",https://www.musinsa.com/products/3882622
2,메이크업,베이스메이크업,쿠션,헤라,블랙 쿠션 파운데이션 듀오 SPF34/PA++ 15gx2 (본품15g+리필15g),4.9,"20,677","70,300",https://www.musinsa.com/products/1867509
3,메이크업,립메이크업,립틴트,헤라,센슈얼 누드 글로스 5g,4.8,"6,919","38,000",https://www.musinsa.com/products/2996848
4,메이크업,베이스메이크업,쿠션,네이밍,[쿠션 스파츌라 증정] 레이어드 핏 쿠션 12g,4.8,"5,002","22,400",https://www.musinsa.com/products/1982291
5,메이크업,베이스메이크업,파운데이션,오브제,내추럴 커버 로션,4.8,"2,335","27,900",https://www.musinsa.com/products/4085614
6,메이크업,베이스메이크업,하이라이터,오프라 코스메틱,미니 하이라이터 - 클라우드9,4.9,"3,099","33,000",https://www.musinsa.com/products/2980617
7,메이크업,베이스메이크업,파운데이션,헤라,실키 스테이 24H 롱웨어 파운데이션 SPF20/PA++ 30g (옵션),4.9,"4,185","66,500",https://www.musinsa.com/products/2538178
8,메이크업,베이스메이크업,하이라이터,오프라 코스메틱,미니 하이라이터 - 페퍼민트,4.9,"1,340","33,000",https://www.musinsa.com/products/3119684
9,메이크업,립메이크업,립밤,오브제,[신규 컬러 추가] 무드 체인지 립밤 1+1 (2개),4.9,"7,459","19,900",https://www.musinsa.com/products/3985851
10,메이크업,베이스메이크업,파운데이션,오브제,내추럴 커버 파운데이션,4.8,"14,067","31,900",https://www.musinsa.com/products/2307295
11,메이크업,립메이크업,립라이너,하트퍼센트,도트 온 무드 립펜슬,4.8,"6,222","14,000",https://www.musinsa.com/products/3117997
12,메이크업,베이스메이크업,하이라이터,오프라 코스메틱,미니 하이라이터 - 필로우 토크,4.9,"1,226","33,000",https://www.musinsa.com/products/2980528
13,메이크업,립메이크업,립밤,글피오,포그밤 드렁큰 레드 3.2g + 레드파우치+샤쉐 3종,4.8,84,"21,850",https://www.musinsa.com/products/4662508
14,메이크업,베이스메이크업,셰이딩/컨투어링,네이밍,플러피 볼륨 앤 쉐딩 듀오 9.8g (+전용브러쉬 증정),4.8,546,"20,400",https://www.musinsa.com/products/4331841
15,메이크업,베이스메이크업,쿠션,정샘물,에센셜 스킨 누더 쿠션(리필포함)(쿠션퍼프2개-스프링에디션 + 톤업선베이스3ml + 물크림라이트마스크 증정),4.8,"10,708","38,250",https://www.musinsa.com/products/2573390
16,메이크업,립메이크업,립틴트,네이밍,블러리 하트 립 틴트 (+미니틴트증정),4.3,74,"14,450",https://www.musinsa.com/products/4608796
17,메이크업,베이스메이크업,쿠션,헤라,블랙쿠션 리필 15g (옵션),4.9,"7,306","36,100",https://www.musinsa.com/products/1867543
18,메이크업,립메이크업,립틴트,네이밍,블러리 하트 립 틴트 듀오(+미니틴트+키링+파우치증정),3.7,7,"25,500",https://www.musinsa.com/products/4608797
19,메이크업,베이스메이크업,파우더/콤팩트,어바웃톤,블러 파우더 팩트(6color),4.8,"5,079","12,600",https://www.musinsa.com/products/2365197
20,메이크업,아이메이크업,아이라이너,노베브,노베브 슬림 엣지 듀얼 아이라이너 7colors,4.7,100,"19,000",https://www.musinsa.com/products/4413706
21,메이크업,립메이크업,립밤,오브제,[신규 컬러 추가] 무드 체인지 립밤,4.9,"7,400","10,900",https://www.musinsa.com/products/3973422
22,메이크업,베이스메이크업,블러셔,릴리바이레드,[2PACK] 러브빔 치크밤(+NEW 컬러 구매 시 빅 하트 퍼프 증정),4.8,419,"17,900",https://www.musinsa.com/products/3390274
23,메이크업,립메이크업,립틴트,롬앤,더 쥬시 래스팅 틴트,4.8,392,"9,900",https://www.musinsa.com/products/4618784
24,메이크업,베이스메이크업,컨실러,힐어스,숨결 컨실러 팔레트 (21호/23호),5,299,"26,100",https://www.musinsa.com/products/4244555
25,메이크업,베이스메이크업,메이크업 베이스,에뛰드,님프 광채 볼류머,4.7,"2,162","16,000",https://www.musinsa.com/products/1947506
26,메이크업,베이스메이크업,블러셔,릴리바이레드,러브빔 치크밤 (+NEW 컬러 구매 시 빅 하트 퍼프 증정),4.8,843,"9,100",https://www.musinsa.com/products/3356602
27,메이크업,립메이크업,립틴트,무지개맨션,오브제 리퀴드 틴트 29종 택 2,4.8,32,"28,800",https://www.musinsa.com/products/4711001
28,메이크업,베이스메이크업,쿠션,비레디,NEW 블루 쿠션 4세대 15g(SPF 34 PA++),4.9,"5,721","25,900",https://www.musinsa.com/products/2568474
29,메이크업,베이스메이크업,쿠션,설화수,퍼펙팅쿠션 에어리 15g*2 (본품15g+리필15g),4.9,282,"80,100",https://www.musinsa.com/products/4055003
30,메이크업,베이스메이크업,쿠션,설화수,퍼펙팅쿠션 에어리 15g,4.7,829,"53,100",https://www.musinsa.com/products/3648060
31,메이크업,립메이크업,립틴트,라카,프루티 글램 틴트,4.8,260,"15,000",https://www.musinsa.com/products/4610374
32,메이크업,베이스메이크업,쿠션,자빈드서울,윙크 파운데이션 팩트 15g,4.8,"3,236","28,000",https://www.musinsa.com/products/1665261
33,메이크업,립메이크업,립틴트,삐아,글로우 틴트(15colors)(+헤어핀 증정),4.6,"1,176","10,500",https://www.musinsa.com/products/4264751
34,메이크업,립메이크업,립틴트,엔트로피 메이크업,참 틴트 / 글로우 (10 colors),4.5,138,"18,000",https://www.musinsa.com/products/4459458
35,메이크업,립메이크업,립글로스,글피오,핑크페퍼 립 플럼퍼 10ml +하트키링+샤쉐 3종 증정,5,16,"20,900",https://www.musinsa.com/products/4703059
36,메이크업,아이메이크업,아이섀도,클리오,프로 아이 팔레트 에어 [증정] 전용브러쉬1P,4.9,"2,346","24,800",https://www.musinsa.com/products/3485331
37,메이크업,베이스메이크업,하이라이터,스틸라,헤븐스 휴 하이라이터 (오퓰런스),4.8,422,"32,000",https://www.musinsa.com/products/2592180
38,메이크업,베이스메이크업,블러셔,헤라,블러쉬,4.9,584,"47,500",https://www.musinsa.com/products/4218799
39,메이크업,립메이크업,립글로스,롬앤,글래스팅 컬러 글로스,4.8,"1,430","9,900",https://www.musinsa.com/products/3886613
40,메이크업,립메이크업,립스틱,헤라,센슈얼 누드 밤 3.5g,4.9,"2,370","38,000",https://www.musinsa.com/products/2996835
41,메이크업,립메이크업,립밤,비레디,웨이크 업 생기 립밤 AD (옵션),4.8,"4,132","9,000",https://www.musinsa.com/products/3711105
42,메이크업,립메이크업,립틴트,힌스,로 글로우 젤 틴트,4.7,"1,463","15,300",https://www.musinsa.com/products/4263133
43,메이크업,아이메이크업,마스카라,에뛰드,컬 픽스 마스카라 & 뷰러 기획세트,4.8,"1,488","16,100",https://www.musinsa.com/products/4042795
44,메이크업,베이스메이크업,셰이딩/컨투어링,에뛰드,재창조 메이커,4.8,"3,105","11,200",https://www.musinsa.com/products/3647340
45,메이크업,베이스메이크업,컨실러,글로우,낫 드라이 컨실러,4.8,904,"27,550",https://www.musinsa.com/products/3964369
46,메이크업,아이메이크업,아이섀도,롬앤,베러 댄 팔레트,4.8,"2,961","22,900",https://www.musinsa.com/products/1893427
47,메이크업,베이스메이크업,BB크림/CC크림,글로우,브리더블 비비크림,4.7,608,"28,500",https://www.musinsa.com/products/3761669
48,메이크업,립메이크업,립틴트,네이밍,듀이 글래스 립 틴트 4.5g 듀오,4.8,64,"16,000",https://www.musinsa.com/products/3780475
49,메이크업,아이메이크업,아이라이너,키스미,[2개입] 스무스 리퀴드 아이라이너 N,4.9,"1,442","19,800",https://www.musinsa.com/products/3684329
50,메이크업,베이스메이크업,블러셔,네이밍,플러피 파우더 블러쉬 3.2g,4.8,"2,328","12,750",https://www.musinsa.com/products/1985364
51,메이크업,베이스메이크업,메이크업 베이스,체이싱래빗,[2pack]올어바웃 글로우 톤업 크림,4.8,137,"23,400",https://www.musinsa.com/products/4246634
52,메이크업,베이스메이크업,파운데이션,에스쁘아,비글로우 NEW 파운데이션 (+증정: 트루 브러쉬&미니 파운데이션 웨딩피치&믹싱 팔레트),4.6,704,"35,700",https://www.musinsa.com/products/4651027
53,메이크업,아이메이크업,아이라이너,삐아,[2pack] 라스트 오토 젤 아이라이너 (19color),4.8,"4,240","15,500",https://www.musinsa.com/products/2291962
54,메이크업,베이스메이크업,컨실러,더샘,커버 퍼펙션 트리플 팟 컨실러 (5colors),4.8,"3,869","12,700",https://www.musinsa.com/products/2981404
55,메이크업,아이메이크업,마스카라,코스노리,블랙 틴팅 세럼 속눈썹영양제,4.8,"1,781","16,000",https://www.musinsa.com/products/3439019
56,메이크업,베이스메이크업,파운데이션,어바웃톤,스킨 레이어 핏 파운데이션(5color),4.7,"1,104","22,000",https://www.musinsa.com/products/4280679
57,메이크업,베이스메이크업,파운데이션,비레디,블루 파운데이션 35ml,4.9,"2,649","24,650",https://www.musinsa.com/products/3298229
58,메이크업,베이스메이크업,블러셔,삐아,[초코비에디션 2종] 다우니치크+NEW 글로우틴트(+짱구 스티커 증정),4.8,60,"20,700",https://www.musinsa.com/products/4543218
59,메이크업,베이스메이크업,파우더/콤팩트,바닐라코,프라임 프라이머 피니쉬 파우더 12g,4.9,"4,200","18,000",https://www.musinsa.com/products/2584241
60,메이크업,베이스메이크업,컨실러,루나,컨실 블렌더 팔레트,4.8,"1,786","17,900",https://www.musinsa.com/products/3692643
61,메이크업,아이메이크업,아이브로,이니스프리,납작 아이브로우 펜슬 0.3g 2개 (옵션 선택),4.9,532,"4,400",https://www.musinsa.com/products/3246829
62,메이크업,베이스메이크업,쿠션,네이밍,레이어드 핏 쿠션 리필 듀오12g,4.9,0,"24,000",https://www.musinsa.com/products/4711050
63,메이크업,베이스메이크업,쿠션,오브제,퍼펙트 옴므 쿠션,4.9,"1,096","25,900",https://www.musinsa.com/products/2307329
64,메이크업,베이스메이크업,메이크업 베이스,정샘물,스킨 세팅 톤 필터 베이스 (톤필터3ml + 누더파운데이션 체험분 4매 증정),4.8,40,"27,060",https://www.musinsa.com/products/4351429
65,메이크업,립메이크업,립밤,라네즈,립 슬리핑 마스크 EX 20g + [사은품 증정],4.9,"2,081","19,800",https://www.musinsa.com/products/2006357
66,메이크업,베이스메이크업,쿠션,설화수,퍼펙팅쿠션 15g*2 (본품15g+리필15g),4.8,144,"80,100",https://www.musinsa.com/products/4054985
67,메이크업,베이스메이크업,하이라이터,힌스,트루 디멘션 래디언스밤 2개 SET,4.6,180,"46,400",https://www.musinsa.com/products/4262731
68,메이크업,베이스메이크업,하이라이터,네이밍,플러피 베이크드 하이라이터 3.8g,4.8,402,"12,800",https://www.musinsa.com/products/3902576
69,메이크업,아이메이크업,아이섀도,데이지크,섀도우 팔레트,4.8,"3,066","28,900",https://www.musinsa.com/products/2514547
70,메이크업,립메이크업,립틴트,얼터너티브스테레오,립 포션 바미 로즈 11종,4.6,"1,180","16,150",https://www.musinsa.com/products/3766893
71,메이크업,베이스메이크업,블러셔,롬앤,베러 댄 치크,4.9,"3,861","9,400",https://www.musinsa.com/products/1497930
72,메이크업,베이스메이크업,블러셔,네이밍,플러피 파우더 블러쉬 듀오 (3.2g X 2)(+슬리핑립버터증정),4.9,"1,611","24,000",https://www.musinsa.com/products/2215443
73,메이크업,베이스메이크업,파운데이션,헤라,리플렉션 스킨 글로우 쿠션 파운데이션 15g,4.6,134,"57,000",https://www.musinsa.com/products/4678489
74,메이크업,아이메이크업,마스카라,코스노리,롱 액티브 아이래쉬 세럼 속눈썹영양제,4.8,"2,781","16,000",https://www.musinsa.com/products/1559193
75,메이크업,베이스메이크업,하이라이터,오프라 코스메틱,시그니쳐 팔레트 - 오프라 글로우,4.8,156,"64,000",https://www.musinsa.com/products/2981137
76,메이크업,립메이크업,립틴트,오드타입,언씬 블러 틴트 14종,4.7,"5,852","16,500",https://www.musinsa.com/products/3153848
77,메이크업,베이스메이크업,메이크업 픽서,헤라,메이크업 픽서 110ML,4.9,444,"30,400",https://www.musinsa.com/products/1301692
78,메이크업,아이메이크업,아이브로,엔트로피 메이크업,브로우 블리치,4.7,442,"45,000",https://www.musinsa.com/products/3417088
79,메이크업,립메이크업,립틴트,엔트로피 메이크업,참 틴트 / 블러리 (5 Colors),4.5,151,"18,000",https://www.musinsa.com/products/4492775
80,메이크업,립메이크업,립밤,시에로 코스메틱,코시에로 젤러시 플럼퍼,4.9,175,"15,000",https://www.musinsa.com/products/3855184
81,메이크업,베이스메이크업,파운데이션,오브제,내추럴 커버 로션 + 무드 체인지 립밤 세트,4.7,139,"34,900",https://www.musinsa.com/products/4085639
82,메이크업,립메이크업,립글로스,롬앤,[2PACK] 글래스팅 멜팅 밤 (+립 본품 1종 증정),4.9,72,"19,900",https://www.musinsa.com/products/4673213
83,메이크업,아이메이크업,아이섀도,릴리바이레드,무드키보드,4.8,"1,361","21,700",https://www.musinsa.com/products/3356607
84,메이크업,베이스메이크업,쿠션,힌스,세컨 스킨 메쉬 매트 쿠션 (본품+리필 SET),4.7,288,"35,100",https://www.musinsa.com/products/4262713
85,메이크업,립메이크업,립틴트,롬앤,듀이풀 워터 틴트,4.8,"3,290","9,900",https://www.musinsa.com/products/2292529
86,메이크업,립메이크업,립밤,토코보,비타 글레이즈드 립 마스크 20mL,4.8,809,"18,000",https://www.musinsa.com/products/3554528
87,메이크업,립메이크업,립틴트,헤라,센슈얼 파우더 매트 리퀴드 5g (옵션),4.9,"2,782","42,750",https://www.musinsa.com/products/3093059
88,메이크업,베이스메이크업,쿠션,설화수,퍼펙팅쿠션 에어리 리필 15g,4.9,185,"36,900",https://www.musinsa.com/products/3648064
89,메이크업,베이스메이크업,쿠션,투쿨포스쿨,픽싱 누드 쿠션 (본품+리필),4.7,831,"22,900",https://www.musinsa.com/products/3438441
90,메이크업,립메이크업,립밤,그라펜,트리플립™ 립센스 3.9g (+리필형 립밤 추가 증정),4.9,"3,628","18,800",https://www.musinsa.com/products/1258777
91,메이크업,베이스메이크업,쿠션,자빈드서울,[본품+리필]윙크 파운데이션 팩트 15g,4.8,"1,015","41,400",https://www.musinsa.com/products/1665351
92,메이크업,베이스메이크업,파운데이션,헤라,NEW 글로우 래스팅 파운데이션 35ml,4.8,563,"70,000",https://www.musinsa.com/products/1311210
93,메이크업,립메이크업,립틴트,롬앤,[2PACK] 더 쥬시 래스팅 틴트 (+더블 쥬시 미러),5,12,"17,900",https://www.musinsa.com/products/4618787
94,메이크업,아이메이크업,아이섀도,정샘물,아티스트 아이 팔레트 누드 (+섀도우 브러쉬 증정),4.7,124,"36,900",https://www.musinsa.com/products/4447776
95,메이크업,베이스메이크업,파우더/콤팩트,이니스프리,노세범 미네랄 파우더 5g 2개,4.9,"2,471","10,800",https://www.musinsa.com/products/3099266
96,메이크업,베이스메이크업,BB크림/CC크림,두잉왓,스킨톤 필터 로션 (SPF 30/PA++),4.8,801,"27,900",https://www.musinsa.com/products/4206623
97,메이크업,립메이크업,립틴트,릴리바이레드,스윗 라이어 밀키 틴트,4.8,501,"9,800",https://www.musinsa.com/products/4149536
98,메이크업,베이스메이크업,블러셔,오드타입,소 터처블 워터 블러시 10종,4.8,"2,618","17,900",https://www.musinsa.com/products/3450028
99,메이크업,립메이크업,립틴트,삐아,[2PACK] 글로우 틴트(15colors)(+로틴트 미니 증정),4.5,0,"18,200",https://www.musinsa.com/products/4572507
100,메이크업,립메이크업,립틴트,롬앤,블러 퍼지 틴트,4.8,"2,730","9,900",https://www.musinsa.com/products/2363971
