플랫폼,브랜드,제품명,중분류_순위,대분류,중분류1,중분류2,중분류3,평점,후기 수,가격,URL
무신사뷰티,이니스프리,화산송이 모공 바하 클렌징 폼 150g 2개,1,스킨케어,클렌징,클렌징,클렌징,4.9,7915,18200,https://www.musinsa.com/products/3670796
무신사뷰티,비플레인,[대용량]녹두 약산성 클렌징 폼 160ml 2개 (+40ml 증정),2,스킨케어,클렌징,클렌징,클렌징,4.9,2870,31200,https://www.musinsa.com/products/3138771
무신사뷰티,에스네이처,아쿠아 라이스 약산성 클렌징폼 160ml 2개입 [증정: 클렌징 오일 13ml + 수분젤크림 30ml],3,스킨케어,클렌징,클렌징,클렌징,4.9,630,31900,https://www.musinsa.com/products/4566395
무신사뷰티,토리든,[2개묶음] 다이브인 저분자 히알루론산 클렌징 폼 150ml x 2개 [총 300ml],4,스킨케어,클렌징,클렌징,클렌징,4.9,3707,23000,https://www.musinsa.com/products/3312180
무신사뷰티,바닐라코,클린잇제로 오리지널 클렌징밤 대용량 180ml,5,스킨케어,클렌징,클렌징,클렌징,4.9,1215,23000,https://www.musinsa.com/products/3994035
무신사뷰티,바닐라코,클린잇제로 포어 클래리파잉 클렌징밤 대용량 180ml,6,스킨케어,클렌징,클렌징,클렌징,4.9,990,23000,https://www.musinsa.com/products/3994036
무신사뷰티,라운드랩,소나무 진정 시카 클렌저 150ml(+소나무 겔 마스크 1매 증정),7,스킨케어,클렌징,클렌징,클렌징,4.9,1004,12900,https://www.musinsa.com/products/3647194
무신사뷰티,휩드,비건 팩클렌저 대용량 130g (5종 택1),8,스킨케어,클렌징,클렌징,클렌징,4.8,217,29000,https://www.musinsa.com/products/4362152
무신사뷰티,에이트루,오리진 퓨어 밸런싱 클렌징 오일 300ml,9,스킨케어,클렌징,클렌징,클렌징,4.9,5188,19500,https://www.musinsa.com/products/1542479
무신사뷰티,마녀공장,퓨어 클렌징 오일 200ml (+오일25ml+폼20ml 증정),10,스킨케어,클렌징,클렌징,클렌징,4.9,1376,17400,https://www.musinsa.com/products/1252945
무신사뷰티,일소,슈퍼 멜팅 세범 소프트너 150ml,11,스킨케어,클렌징,클렌징,클렌징,4.8,1930,21000,https://www.musinsa.com/products/3771558
무신사뷰티,메이크프렘,[증정] 세이프 미 릴리프 모이스처 클렌징밀크 500ml,12,스킨케어,클렌징,클렌징,클렌징,4.9,1697,34440,https://www.musinsa.com/products/3381240
무신사뷰티,비플레인,녹두 클렌징 오일 200ml (+50ml 증정),13,스킨케어,클렌징,클렌징,클렌징,4.8,1546,18900,https://www.musinsa.com/products/2036869
무신사뷰티,에스네이처,아쿠아 라이스 약산성 클렌징폼 160ml,14,스킨케어,클렌징,클렌징,클렌징,4.9,1898,17100,https://www.musinsa.com/products/3039770
무신사뷰티,듀이트리,하이 아미노 올 클렌징 밀크 400ml,15,스킨케어,클렌징,클렌징,클렌징,4.9,1227,19800,https://www.musinsa.com/products/3661543
무신사뷰티,마몽드,플로라 글로우 로즈 리퀴드 마스크_80ml,16,스킨케어,클렌징,클렌징,클렌징,4.8,1422,25500,https://www.musinsa.com/products/2495472
무신사뷰티,파파레서피,블레미쉬 효소 파우더 클렌저 50g,17,스킨케어,클렌징,클렌징,클렌징,4.8,4375,16200,https://www.musinsa.com/products/3451864
무신사뷰티,에스네이처,아쿠아 라이스 클렌징오일 200ml,18,스킨케어,클렌징,클렌징,클렌징,4.9,942,22900,https://www.musinsa.com/products/3666615
무신사뷰티,비플레인,녹두 약산성 클렌징폼 80ml 2개 (증정 : 클렌징폼 20ml + 시카풀 마스크 1매),19,스킨케어,클렌징,클렌징,클렌징,4.9,3419,17900,https://www.musinsa.com/products/1588781
무신사뷰티,메이크프렘,세이프 미 릴리프 모이스처 클렌징밀크 200ml,20,스킨케어,클렌징,클렌징,클렌징,4.8,767,19680,https://www.musinsa.com/products/1766812
무신사뷰티,주미소,포어 퓨리파잉 살리실산 포밍 클렌저 120g,21,스킨케어,클렌징,클렌징,클렌징,4.9,1572,13500,https://www.musinsa.com/products/3736643
무신사뷰티,메디필,레드 락토 콜라겐 클리어 2.0 300ml / 모공 축소,22,스킨케어,클렌징,클렌징,클렌징,4.9,695,17800,https://www.musinsa.com/products/3646983
무신사뷰티,이니스프리,그린티 아미노 수분 클렌징 폼 150g 2개,23,스킨케어,클렌징,클렌징,클렌징,4.9,1157,19500,https://www.musinsa.com/products/3670794
무신사뷰티,마녀공장,퓨어&딥 클렌징 폼 200ml (+미니어처20ml+클렌징오일25ml 증정),24,스킨케어,클렌징,클렌징,클렌징,4.9,568,10800,https://www.musinsa.com/products/3121050
무신사뷰티,폰즈,훼이스 스파 립&아이 리무버 2개,25,스킨케어,클렌징,클렌징,클렌징,4.9,977,13700,https://www.musinsa.com/products/3377044
무신사뷰티,에스네이처,아쿠아 라이스 약산성 클렌징폼 80ml,26,스킨케어,클렌징,클렌징,클렌징,4.8,151,10900,https://www.musinsa.com/products/3275258
무신사뷰티,블리스텍스,[2PACK]스트라이덱스 BHA 바하 폼클렌저 150ml,27,스킨케어,클렌징,클렌징,클렌징,4.9,496,14900,https://www.musinsa.com/products/3514185
무신사뷰티,라운드랩,[2pack] 1025 독도 패드 70매입,28,스킨케어,클렌징,클렌징,클렌징,4.9,319,28500,https://www.musinsa.com/products/4104605
무신사뷰티,비플레인,녹두 모공 클레이 팩 120ml (증정 : 녹두 모공 세럼 15ml),29,스킨케어,클렌징,클렌징,클렌징,4.8,1959,18900,https://www.musinsa.com/products/2646627
무신사뷰티,에스네이처,아쿠아 라이스 클렌징오일 200ml + 아쿠아 라이스 약산성 클렌징 폼 80ml,30,스킨케어,클렌징,클렌징,클렌징,5.0,141,29900,https://www.musinsa.com/products/3731018
무신사뷰티,블리스텍스,[2PACK]스트라이덱스 센시티브 패드 55매,31,스킨케어,클렌징,클렌징,클렌징,4.9,447,15200,https://www.musinsa.com/products/3063650
무신사뷰티,라운드랩,[2pack] 1025 독도 버블 폼 150ml,32,스킨케어,클렌징,클렌징,클렌징,4.8,170,18500,https://www.musinsa.com/products/4227763
무신사뷰티,라운드랩,1025 독도 클렌징 오일 200ml,33,스킨케어,클렌징,클렌징,클렌징,4.9,572,14900,https://www.musinsa.com/products/1218594
무신사뷰티,한스킨,클렌징 오일&블랙헤드 [PHA] 200ml,34,스킨케어,클렌징,클렌징,클렌징,5.0,403,15800,https://www.musinsa.com/products/4178991
무신사뷰티,주미소,[2pack] 포어 퓨리파잉 살리실산 포밍 클렌저 120g,35,스킨케어,클렌징,클렌징,클렌징,4.9,318,25200,https://www.musinsa.com/products/3803955
무신사뷰티,라운드랩,1025 독도 클렌징 워터 400ml,36,스킨케어,클렌징,클렌징,클렌징,4.9,547,10900,https://www.musinsa.com/products/1218578
무신사뷰티,마녀공장,퓨어 클렌징 밀크 200ml,37,스킨케어,클렌징,클렌징,클렌징,4.9,156,13300,https://www.musinsa.com/products/1265667
무신사뷰티,설화수,순행클렌징폼 200ML,38,스킨케어,클렌징,클렌징,클렌징,4.9,139,37800,https://www.musinsa.com/products/3609704
무신사뷰티,라운드랩,1025 독도 필링젤 120ml,39,스킨케어,클렌징,클렌징,클렌징,4.9,813,12000,https://www.musinsa.com/products/2890355
무신사뷰티,토리든,다이브인 저분자 히알루론산 클렌징 폼 150ml,40,스킨케어,클렌징,클렌징,클렌징,4.9,907,15000,https://www.musinsa.com/products/2735579
무신사뷰티,듀이트리,하이 아미노 올 클렌징 밀크 200ml,41,스킨케어,클렌징,클렌징,클렌징,4.9,543,13300,https://www.musinsa.com/products/2638105
무신사뷰티,한율,어린쑥 클렌징 흡착 팩폼 120ML,42,스킨케어,클렌징,클렌징,클렌징,4.9,126,28000,https://www.musinsa.com/products/4147076
무신사뷰티,라운드랩,1025 독도 클렌징 밀크 200ml,43,스킨케어,클렌징,클렌징,클렌징,4.8,347,17500,https://www.musinsa.com/products/2782619
무신사뷰티,닥터지,약산성 레드 블레미쉬 클리어 수딩 폼 150mL 듀오,44,스킨케어,클렌징,클렌징,클렌징,4.9,2751,28000,https://www.musinsa.com/products/1814186
무신사뷰티,바닐라코,클린잇제로 오리지널 클렌징밤 100ml,45,스킨케어,클렌징,클렌징,클렌징,4.9,298,17000,https://www.musinsa.com/products/3994037
무신사뷰티,비플레인,[대용량]녹두 약산성 클렌징폼 160ml,46,스킨케어,클렌징,클렌징,클렌징,4.9,953,16900,https://www.musinsa.com/products/1515101
무신사뷰티,라운드랩,1025 독도 클렌저 200ml,47,스킨케어,클렌징,클렌징,클렌징,4.9,776,12900,https://www.musinsa.com/products/2794314
무신사뷰티,한스킨,클렌징오일&블랙헤드300ml+클렌징패드10매+해면스펀지 세트,48,스킨케어,클렌징,클렌징,클렌징,5.0,47,21800,https://www.musinsa.com/products/4178986
무신사뷰티,바닐라코,[2PACK] 클린잇제로 포어 클렌징밤 100ml,49,스킨케어,클렌징,클렌징,클렌징,5.0,38,32000,https://www.musinsa.com/products/3994030
무신사뷰티,프리메라,퍼펙트 오일 투 폼클렌저 300ml,50,스킨케어,클렌징,클렌징,클렌징,5.0,24,30600,https://www.musinsa.com/products/4595794
무신사뷰티,유아른,비건 약알칼리성 콩클렌징 120ml,51,스킨케어,클렌징,클렌징,클렌징,5.0,1,20000,https://www.musinsa.com/products/4710685
무신사뷰티,블리스텍스,[2PACK]스트라이덱스 센시티브 패드 90매,52,스킨케어,클렌징,클렌징,클렌징,4.9,504,24500,https://www.musinsa.com/products/3527870
무신사뷰티,폴라초이스,바하 리퀴드 118ml,53,스킨케어,클렌징,클렌징,클렌징,4.8,628,29400,https://www.musinsa.com/products/2758160
무신사뷰티,럽센트,스크럽워시 코지파이어 시더우드 500ml + 럽센트 바디워시 디스커버리 키트 증정,54,스킨케어,클렌징,클렌징,클렌징,4.9,358,12900,https://www.musinsa.com/products/3686927
무신사뷰티,럽센트,스크럽워시 플라워마켓 화이트튤립 500ml + 럽센트 디스커버리 증정,55,스킨케어,클렌징,클렌징,클렌징,4.9,514,12900,https://www.musinsa.com/products/3686939
무신사뷰티,이니스프리,화산송이 바하 모공 클렌징 폼 [대용량] 250g 2개,56,스킨케어,클렌징,클렌징,클렌징,5.0,1,28500,https://www.musinsa.com/products/3814065
무신사뷰티,휩드,[선물 쇼핑백 증정] 휩드 비건 팩스크럽 210g (3종 택1),57,스킨케어,클렌징,클렌징,클렌징,4.9,90,30000,https://www.musinsa.com/products/4362324
무신사뷰티,마미케어,율무가루 효소세안제,58,스킨케어,클렌징,클렌징,클렌징,4.0,1,21900,https://www.musinsa.com/products/4586508
무신사뷰티,이니스프리,화산송이 바하 모공 클렌징 폼 [대용량] 250g,59,스킨케어,클렌징,클렌징,클렌징,4.9,511,14250,https://www.musinsa.com/products/3519402
무신사뷰티,라운드랩,[2pack] 1025 독도 클렌저 200ml (+40ml 추가증정),60,스킨케어,클렌징,클렌징,클렌징,0.0,0,28900,https://www.musinsa.com/products/4756031
무신사뷰티,라운드랩,1025 독도 버블 폼 150ml,61,스킨케어,클렌징,클렌징,클렌징,4.9,675,9900,https://www.musinsa.com/products/2782472
무신사뷰티,블리스텍스,스트라이덱스 센시티브 패드 90매,62,스킨케어,클렌징,클렌징,클렌징,4.8,1392,12500,https://www.musinsa.com/products/1515058
무신사뷰티,아리얼,스트레스 릴리빙 퓨어풀 립앤아이 리무버 패드 30매 X 3개,63,스킨케어,클렌징,클렌징,클렌징,4.9,66,7800,https://www.musinsa.com/products/2582150
무신사뷰티,헤라,리프레싱 클렌징 폼 160g,64,스킨케어,클렌징,클렌징,클렌징,4.8,77,31150,https://www.musinsa.com/products/3962332
무신사뷰티,이즈앤트리,참마 비건 밀크 클렌저 220ml,65,스킨케어,클렌징,클렌징,클렌징,4.8,261,23800,https://www.musinsa.com/products/2654176
무신사뷰티,비플레인,녹두 모공 약산성 클렌징 폼 80ml,66,스킨케어,클렌징,클렌징,클렌징,4.9,5359,9800,https://www.musinsa.com/products/1678168
무신사뷰티,마미케어,바다포도 피지 연화제 145ml,67,스킨케어,클렌징,클렌징,클렌징,4.8,13,18900,https://www.musinsa.com/products/4702615
무신사뷰티,아렌시아,블랙티&유즈 클렌저 120g,68,스킨케어,클렌징,클렌징,클렌징,0.0,0,23000,https://www.musinsa.com/products/4734600
무신사뷰티,에스트라,아토베리어365 버블클렌저 150ml,69,스킨케어,클렌징,클렌징,클렌징,4.9,358,19000,https://www.musinsa.com/products/2172567
무신사뷰티,닥터지,브라이트닝 필링 젤 120g,70,스킨케어,클렌징,클렌징,클렌징,4.9,488,18000,https://www.musinsa.com/products/1250105
무신사뷰티,에뛰드,리얼아트 클렌징 오일 모이스처 2종 기획세트 (본품 + 리필),71,스킨케어,클렌징,클렌징,클렌징,4.9,185,22400,https://www.musinsa.com/products/2003205
무신사뷰티,포맨트,시그니처 폼 클렌저 120ml,72,스킨케어,클렌징,클렌징,클렌징,4.9,156,18000,https://www.musinsa.com/products/1434741
무신사뷰티,믹순,병풀 클렌징 폼 150ml,73,스킨케어,클렌징,클렌징,클렌징,4.8,860,18000,https://www.musinsa.com/products/3540081
무신사뷰티,프리메라,페이셜 마일드 필링 150ml,74,스킨케어,클렌징,클렌징,클렌징,4.9,413,25500,https://www.musinsa.com/products/1301124
무신사뷰티,비플레인,[갈아쓰는 맷돌밤]녹두 모공 그라인딩 클렌징밤 100ml,75,스킨케어,클렌징,클렌징,클렌징,4.7,67,20800,https://www.musinsa.com/products/4301921
무신사뷰티,이니스프리,비자 트러블 클렌징폼 150g 2개,76,스킨케어,클렌징,클렌징,클렌징,4.9,565,18000,https://www.musinsa.com/products/3670795
무신사뷰티,구달,[먼작귀콜라보] 비건라이스 밀크 팩 클렌저 더블기획 [150*2ea+거울키링],77,스킨케어,클렌징,클렌징,클렌징,4.9,7,16150,https://www.musinsa.com/products/4633248
무신사뷰티,비플레인,[세안 밴드 포함]녹두 모공 클레이 팩 세트,78,스킨케어,클렌징,클렌징,클렌징,4.9,244,18900,https://www.musinsa.com/products/3572252
무신사뷰티,셀퓨전씨,파파야 그레뉼 필스 50g,79,스킨케어,클렌징,클렌징,클렌징,4.8,80,13000,https://www.musinsa.com/products/4343861
무신사뷰티,스킨1004,마다가스카르 센텔라 앰플 폼 125ml,80,스킨케어,클렌징,클렌징,클렌징,4.9,319,14000,https://www.musinsa.com/products/1501833
무신사뷰티,우르오스,페이스 워시 100g x 2개 (폼클렌징),81,스킨케어,클렌징,클렌징,클렌징,4.9,196,21648,https://www.musinsa.com/products/1533232
무신사뷰티,바닐라코,클린잇제로 포어 클래리파잉 클렌징밤 100ml,82,스킨케어,클렌징,클렌징,클렌징,4.9,356,17000,https://www.musinsa.com/products/3994039
무신사뷰티,메이크프렘,[SET] 클렌징 밀크 500ml+리필 100ml 2개,83,스킨케어,클렌징,클렌징,클렌징,4.7,9,56420,https://www.musinsa.com/products/4704494
무신사뷰티,아리얼,스트레스 릴리빙 퓨어풀 미셀라 립앤아이 리무버 300ml,84,스킨케어,클렌징,클렌징,클렌징,4.9,16,8550,https://www.musinsa.com/products/1777728
무신사뷰티,오브제,블랙헤드 스크럽 밤,85,스킨케어,클렌징,클렌징,클렌징,4.7,490,12900,https://www.musinsa.com/products/3174808
무신사뷰티,클리오,[2pack] 킬래쉬 마스카라 리무버,86,스킨케어,클렌징,클렌징,클렌징,4.9,599,14400,https://www.musinsa.com/products/3039685
무신사뷰티,코스알엑스,약산성 굿모닝 젤 클렌저 듀오 세트,87,스킨케어,클렌징,클렌징,클렌징,4.9,303,10800,https://www.musinsa.com/products/2179086
무신사뷰티,아비브,아크네 폼 클렌저 어성초 폼 150ml,88,스킨케어,클렌징,클렌징,클렌징,4.9,43,12000,https://www.musinsa.com/products/4650519
무신사뷰티,에스트라,아토베리어365 버블클렌저 150ML 2개,89,스킨케어,클렌징,클렌징,클렌징,4.9,44,36000,https://www.musinsa.com/products/4500418
무신사뷰티,코스알엑스,[2pack] 약산성 나이아신아마이드 미셀라 클렌징 워터 400ml * 2개,90,스킨케어,클렌징,클렌징,클렌징,4.8,81,18800,https://www.musinsa.com/products/4250222
무신사뷰티,파파레서피,티트리 컨트롤 효소 파우더 클렌저 50ml,91,스킨케어,클렌징,클렌징,클렌징,4.8,298,16200,https://www.musinsa.com/products/3522504
무신사뷰티,바닐라코,[2PACK] 클린잇제로 카밍 클렌징밤 100ml,92,스킨케어,클렌징,클렌징,클렌징,4.9,27,32000,https://www.musinsa.com/products/3994033
무신사뷰티,주미소,블랙헤드 멜팅 소프트너 기획세트 150ml (+밀착패드 40매),93,스킨케어,클렌징,클렌징,클렌징,4.8,40,15500,https://www.musinsa.com/products/4368923
무신사뷰티,더샘,힐링 티 가든 티트리 클렌징 워터 300ml x 3개,94,스킨케어,클렌징,클렌징,클렌징,4.9,109,14000,https://www.musinsa.com/products/3064001
무신사뷰티,에스트라,테라크네365 클리어 딥 클렌징 폼 200g,95,스킨케어,클렌징,클렌징,클렌징,4.9,433,21850,https://www.musinsa.com/products/2172781
무신사뷰티,디마프,올데이글로우 크리미 밀크클렌저 300ml,96,스킨케어,클렌징,클렌징,클렌징,4.8,167,39000,https://www.musinsa.com/products/3804714
무신사뷰티,마미케어,팥가루 효소세안제,97,스킨케어,클렌징,클렌징,클렌징,5.0,6,21900,https://www.musinsa.com/products/4586521
무신사뷰티,휘게,소프트리셋 그린 클렌징 밤,98,스킨케어,클렌징,클렌징,클렌징,4.8,16,17100,https://www.musinsa.com/products/2270995
무신사뷰티,아비브,딥 클린 폼 클렌저 수분초 히알루론 폼 150ml,99,스킨케어,클렌징,클렌징,클렌징,4.9,53,12000,https://www.musinsa.com/products/4508670
무신사뷰티,시코르 컬렉션,퀵 포인트 메이크업 리무버 100ml,100,스킨케어,클렌징,클렌징,클렌징,4.8,246,11400,https://www.musinsa.com/products/3628899
무신사뷰티,토리든,[2종세트] 다이브인 저분자 히알루론산 세럼 50ml+40ml (+멀티패드 2매입 3매+밸런스풀 세럼 10ml),1,스킨케어,스킨케어,에센스/세럼/앰플,에센스/세럼/앰플,4.9,13102,29400,https://www.musinsa.com/products/2959816
무신사뷰티,셀인샷,EGF 알란테놀 리페어크림 70ml x 2개[총 140ml],2,스킨케어,기타,기타,기타,4.8,156,82580,https://www.musinsa.com/products/4624276
무신사뷰티,토리든,다이브인 저분자 히알루론산 마스크 27ml 10매,3,스킨케어,마스크팩,마스크팩,마스크팩,4.9,2571,19900,https://www.musinsa.com/products/2584592
무신사뷰티,토리든,다이브인 저분자 히알루론산 세럼 70ml (+수딩크림 20ml),4,스킨케어,스킨케어,에센스/세럼/앰플,에센스/세럼/앰플,4.9,320,28500,https://www.musinsa.com/products/4220847
무신사뷰티,에스트라,아토베리어365 크림 80ml 2개,5,스킨케어,스킨케어,크림,크림,4.9,10745,59400,https://www.musinsa.com/products/3992824
무신사뷰티,에스트라,아토베리어365 크림 80ml,6,스킨케어,스킨케어,크림,크림,4.9,10745,31350,https://www.musinsa.com/products/2172345
무신사뷰티,스킨푸드,[총 3개] 당근＆미나리＆도토리&감자 패드 30매 2pack (1pack 추가 증정),7,스킨케어,스킨케어,토너/토너패드/스킨,토너/토너패드/스킨,4.9,7671,23400,https://www.musinsa.com/products/3543755
무신사뷰티,온그리디언츠,온그리디언츠 스킨 베리어 카밍 로션 220ml,8,스킨케어,스킨케어,로션,로션,4.8,1547,28000,https://www.musinsa.com/products/3604503
무신사뷰티,웰라쥬,[웰라쥬x브레드이발소] 리얼 히알루로닉 블루 앰플 175ml (100ml 본품+75ml 윌크 리필+꾸미기 스티커),9,스킨케어,스킨케어,에센스/세럼/앰플,에센스/세럼/앰플,5.0,69,53000,https://www.musinsa.com/products/4702172
무신사뷰티,메디힐,네모 토너 패드 본품 100매 +리필 100매 (교차 가능/패드 2매 추가 증정),10,스킨케어,스킨케어,토너/토너패드/스킨,토너/토너패드/스킨,4.9,3004,43200,https://www.musinsa.com/products/3953077
무신사뷰티,그라운드플랜,미스트 50ml + 50ml 블랙에디션,11,스킨케어,기타,기타,기타,4.9,32,30800,https://www.musinsa.com/products/4725460
무신사뷰티,설화수,자음2종 세트,12,스킨케어,기타,기타,기타,4.9,502,126000,https://www.musinsa.com/products/3106722
무신사뷰티,에스네이처,아쿠아 오아시스 수분 젤크림 80ml,13,스킨케어,스킨케어,크림,크림,4.9,3962,23900,https://www.musinsa.com/products/3389334
무신사뷰티,피지오겔,DMT 크림 150ml 2개,14,스킨케어,스킨케어,크림,크림,5.0,152,52800,https://www.musinsa.com/products/4058791
무신사뷰티,토리든,[SET] 다이브인 저분자 히알루론산 멀티패드 80매 x 2개 (+멀티패드 2매입 3매+다이브인 마스크 1매),15,스킨케어,스킨케어,토너/토너패드/스킨,토너/토너패드/스킨,4.9,1914,32200,https://www.musinsa.com/products/2772886
무신사뷰티,토리든,[2종세트] 다이브인 저분자 히알루론산 세럼 50ml+수딩크림 80ml (+다이브인 세럼 10ml+수딩크림 20ml),16,스킨케어,스킨케어,에센스/세럼/앰플,에센스/세럼/앰플,4.9,1161,34500,https://www.musinsa.com/products/2959819
무신사뷰티,닥터지,레드 블레미쉬 클리어 수딩 크림 50ml 듀오 선물하기 세트 (온라인전용),17,스킨케어,기타,기타,기타,4.9,17248,33000,https://www.musinsa.com/products/1897996
무신사뷰티,우르오스,스킨로션 지복합 200ml,18,스킨케어,스킨케어,토너/토너패드/스킨,토너/토너패드/스킨,4.9,807,23760,https://www.musinsa.com/products/1541638
무신사뷰티,이니스프리,[대용량] 레티놀 시카 흔적 앰플 50mL + 사은품 증정,19,스킨케어,스킨케어,에센스/세럼/앰플,에센스/세럼/앰플,4.9,3630,51300,https://www.musinsa.com/products/3098201
무신사뷰티,정샘물,[화잘먹미스트] 에센셜 물 마이크로 피팅 미스트 55ml (물토너15ml 증정),20,스킨케어,기타,기타,기타,4.8,1691,18000,https://www.musinsa.com/products/2580012
무신사뷰티,설화수,탄력 3종세트,21,스킨케어,기타,기타,기타,4.9,255,171000,https://www.musinsa.com/products/3106729
무신사뷰티,웰라쥬,리얼 히알루로닉 블루 100앰플 100ml x 2개 (+히알 앰플 마스크 2매 증정),22,스킨케어,스킨케어,에센스/세럼/앰플,에센스/세럼/앰플,4.9,1592,49900,https://www.musinsa.com/products/2797484
무신사뷰티,토리든,[SET] 다이브인 저분자 히알루론산 수딩크림 80ml X 2개 (+멀티패드 2매입 3매+다이브인 마스크 1매),23,스킨케어,스킨케어,크림,크림,4.9,1494,33500,https://www.musinsa.com/products/3578031
무신사뷰티,닥터지,(1+1+1)레드 블레미쉬 클리어 수딩 크림 50mL,24,스킨케어,스킨케어,크림,크림,4.9,1602,51000,https://www.musinsa.com/products/2976849
무신사뷰티,웰라쥬,리얼 히알루로닉 블루 100 앰플 100ml (+히알 앰플 마스크 증정),25,스킨케어,스킨케어,에센스/세럼/앰플,에센스/세럼/앰플,4.9,2684,26600,https://www.musinsa.com/products/2417998
무신사뷰티,토리든,[SET] 다이브인 저분자 히알루론산 크림 80ml x 2개 [총 160ml] (+다이브인 마스크 2매),26,스킨케어,스킨케어,크림,크림,4.9,2062,35200,https://www.musinsa.com/products/2725216
무신사뷰티,우르오스,스킨밀크 중건성 200ml,27,스킨케어,기타,기타,기타,4.9,1273,24354,https://www.musinsa.com/products/1541652
무신사뷰티,디마프,히어로 마이 퍼스트 세럼 a.k.a. 만능기초 145ml,28,스킨케어,스킨케어,에센스/세럼/앰플,에센스/세럼/앰플,4.9,769,32000,https://www.musinsa.com/products/3814880
무신사뷰티,이즈앤트리,[SET] 어니언 뉴페어 겔크림 80ml+50ml,29,스킨케어,스킨케어,크림,크림,4.8,38,45800,https://www.musinsa.com/products/4683351
무신사뷰티,라운드랩,[쇼핑백증정] 소나무 진정 시카 토너 250ml + 로션 250ml(+소나무마스크증정),30,스킨케어,기타,기타,기타,4.9,710,30500,https://www.musinsa.com/products/4037726
무신사뷰티,토리든,다이브인 포맨 저분자 히알루론산 올인원 200g_무신사단품기획 (+다이브인 폼 30ml+쇼핑백),31,스킨케어,기타,기타,기타,4.9,303,22900,https://www.musinsa.com/products/4399451
무신사뷰티,마미케어,모공 절반 감소 바다포도 모공앰플 50ml (+미백마스크팩 2매),32,스킨케어,스킨케어,에센스/세럼/앰플,에센스/세럼/앰플,4.7,67,23900,https://www.musinsa.com/products/4586152
무신사뷰티,스킨푸드,당근&미나리&도토리&감자 패드 60매 (30매 교차 증정),33,스킨케어,기타,기타,기타,4.9,2095,23400,https://www.musinsa.com/products/3802517
무신사뷰티,메디힐,더마 365 데일리 마스크 30매 3종(티트리/콜라겐/마데카소사이드),34,스킨케어,마스크팩,마스크팩,마스크팩,4.9,1636,19600,https://www.musinsa.com/products/3551927
무신사뷰티,메디힐,마데카소사이드 흔적 리페어 세럼 40ml,35,스킨케어,스킨케어,에센스/세럼/앰플,에센스/세럼/앰플,4.7,416,19800,https://www.musinsa.com/products/4108584
무신사뷰티,비플레인,녹두 모공 타이트업 세럼 x 2개 (증정 : 클렌징폼 20ml + 녹두쿨링팩 1매),36,스킨케어,스킨케어,에센스/세럼/앰플,에센스/세럼/앰플,4.8,301,21900,https://www.musinsa.com/products/3900772
무신사뷰티,다슈,맨즈 아쿠아 딥 워터풀 올인원 로션 153ml (+아쿠아 올인원 로션 30ml 증정),37,스킨케어,기타,기타,기타,4.8,3353,11900,https://www.musinsa.com/products/680655
무신사뷰티,어테이션,어테이션 콜라겐 리파이닝 탄력 세럼 앰플,38,스킨케어,스킨케어,에센스/세럼/앰플,에센스/세럼/앰플,5.0,9,29700,https://www.musinsa.com/products/4759688
무신사뷰티,에스트라,아토베리어365 로션 150ml,39,스킨케어,스킨케어,로션,로션,4.9,3123,31350,https://www.musinsa.com/products/2172337
무신사뷰티,토리든,[SET] 솔리드인 세라마이드 크림 70ml x 2개 (+솔리드인 립 에센스 11ml),40,스킨케어,스킨케어,크림,크림,4.9,352,41900,https://www.musinsa.com/products/3836455
무신사뷰티,닥터지,레드 블레미쉬 포 맨 진정 올인원 150ml*2개,41,스킨케어,기타,기타,기타,4.9,4696,43000,https://www.musinsa.com/products/1729476
무신사뷰티,토리든,[SET] 밸런스풀 시카 진정 세럼 70ml X 2개 (+다이브인 세럼 20ml+밸런스풀 세럼 10ml+쇼핑백),42,스킨케어,스킨케어,에센스/세럼/앰플,에센스/세럼/앰플,4.9,276,48000,https://www.musinsa.com/products/4249737
무신사뷰티,온그리디언츠,[더블구성세트]스킨 베리어 카밍 로션 220ml X 2개,43,스킨케어,스킨케어,로션,로션,4.9,192,56000,https://www.musinsa.com/products/3823529
무신사뷰티,코스알엑스,더 비타민씨 23 세럼,44,스킨케어,스킨케어,에센스/세럼/앰플,에센스/세럼/앰플,4.8,3320,18000,https://www.musinsa.com/products/2775186
무신사뷰티,유아른,비건 아하파하 앰플 55ml,45,스킨케어,스킨케어,에센스/세럼/앰플,에센스/세럼/앰플,5.0,10,31500,https://www.musinsa.com/products/4709949
무신사뷰티,코스알엑스,[SET] 더 비타민씨 23 세럼 20g x 2개,46,스킨케어,스킨케어,에센스/세럼/앰플,에센스/세럼/앰플,4.8,1703,30500,https://www.musinsa.com/products/3764779
무신사뷰티,에스네이처,아쿠아 오아시스 토너 300ml,47,스킨케어,스킨케어,토너/토너패드/스킨,토너/토너패드/스킨,4.9,2641,20900,https://www.musinsa.com/products/2632600
무신사뷰티,토리든,[SET] 다이브인 저분자 히알루론산 토너 300ml x 2개(+다이브인 토너 50ml),48,스킨케어,스킨케어,토너/토너패드/스킨,토너/토너패드/스킨,4.9,1343,38000,https://www.musinsa.com/products/3505072
무신사뷰티,코스알엑스,[SET] 더 6 펩타이드 스킨 부스터 세럼 150ml x 2개,49,스킨케어,스킨케어,에센스/세럼/앰플,에센스/세럼/앰플,4.9,804,30500,https://www.musinsa.com/products/3764834
무신사뷰티,토리든,솔리드인 세라마이드 크림 70ml (+다이브인 마스크 1매),50,스킨케어,스킨케어,크림,크림,4.9,731,23100,https://www.musinsa.com/products/2659564
무신사뷰티,퍼셀,[장벽강화원액]20억/mL 픽셀바이옴 원액 듀오 (30mL + 30mL),51,스킨케어,스킨케어,에센스/세럼/앰플,에센스/세럼/앰플,5.0,92,72000,https://www.musinsa.com/products/4623100
무신사뷰티,디마프,판테놀 30% 앰플 55ml,52,스킨케어,스킨케어,에센스/세럼/앰플,에센스/세럼/앰플,4.9,230,46000,https://www.musinsa.com/products/3803875
무신사뷰티,메디힐,[2pack] 에센셜 마스크 팩 6종 10매*2개 골라담기 (총20매),53,스킨케어,마스크팩,마스크팩,마스크팩,4.9,6832,28000,https://www.musinsa.com/products/3044262
무신사뷰티,토리든,밸런스풀 시카 진정 크림 80ml,54,스킨케어,스킨케어,크림,크림,4.9,1591,19800,https://www.musinsa.com/products/2996090
무신사뷰티,정샘물,[화잘먹미스트] 에센셜 물 마이크로 피팅 미스트 120ml 프렙프라이머5ml + 앰플선5ml 증정),55,스킨케어,기타,기타,기타,4.8,873,27060,https://www.musinsa.com/products/2580030
무신사뷰티,코스알엑스,더 6 펩타이드 스킨 부스터 세럼 150ml,56,스킨케어,스킨케어,에센스/세럼/앰플,에센스/세럼/앰플,4.9,1821,18000,https://www.musinsa.com/products/3596281
무신사뷰티,앰플엔,대용량 앰플 100ml 1+1 (5종/택2),57,스킨케어,스킨케어,에센스/세럼/앰플,에센스/세럼/앰플,4.8,832,45900,https://www.musinsa.com/products/1581651
무신사뷰티,메디힐,네모 토너 패드 100매 7종(티트리/워터마이드/콜라겐/비타마이드/피토엔자임/레티놀),58,스킨케어,스킨케어,토너/토너패드/스킨,토너/토너패드/스킨,4.8,1922,23400,https://www.musinsa.com/products/3020375
무신사뷰티,미샤,핑꺼비 에디션 글로우스킨밤 2개 (소주잔 2P 증정),59,스킨케어,스킨케어,토너/토너패드/스킨,토너/토너패드/스킨,4.8,8,20000,https://www.musinsa.com/products/4734695
무신사뷰티,라운드랩,소나무 진정 시카 앰플 대용량 50ml,60,스킨케어,스킨케어,에센스/세럼/앰플,에센스/세럼/앰플,4.9,1159,25900,https://www.musinsa.com/products/3748858
무신사뷰티,피지오겔,DMT 크림 150ml,61,스킨케어,스킨케어,크림,크림,4.9,1059,29900,https://www.musinsa.com/products/2570504
무신사뷰티,에스네이처,아쿠아 스쿠알란 세럼 50ml,62,스킨케어,스킨케어,에센스/세럼/앰플,에센스/세럼/앰플,4.9,1004,18900,https://www.musinsa.com/products/2633304
무신사뷰티,아임프롬,라이스 토너,63,스킨케어,스킨케어,토너/토너패드/스킨,토너/토너패드/스킨,5.0,2,28000,https://www.musinsa.com/products/2786187
무신사뷰티,메디힐,에센셜 마스크 팩 10매 6종,64,스킨케어,마스크팩,마스크팩,마스크팩,4.9,1907,14000,https://www.musinsa.com/products/3020393
무신사뷰티,라운드랩,[2pack] 1025 독도 수분 크림 50ml(+독도 워터겔 마스크 1매 증정),65,스킨케어,스킨케어,크림,크림,4.9,122,28000,https://www.musinsa.com/products/4104569
무신사뷰티,잇츠스킨,파워 10 감초줄렌 이펙터 30ml 듀오 세트 (30ml 본품 2개 + 30ml 리필 1개) + 젤크림 55ml 본품 증정,66,스킨케어,스킨케어,에센스/세럼/앰플,에센스/세럼/앰플,4.9,499,18400,https://www.musinsa.com/products/3483722
무신사뷰티,닥터오라클,EPL 큐어 크림 XD (X-Dry) 60ml,67,스킨케어,스킨케어,크림,크림,4.9,38,29400,https://www.musinsa.com/products/2130854
무신사뷰티,토리든,[3종세트] 다이브인 저분자 히알루론산 세럼 70ml+50ml+40ml (+수딩크림 20ml+다이브인 폼 30ml+쇼핑백),68,스킨케어,스킨케어,크림,크림,4.8,22,53200,https://www.musinsa.com/products/3298438
무신사뷰티,스킨푸드,[라이스 패드 2매입 증정] 캐롯 카로틴 카밍 워터 패드 60매,69,스킨케어,스킨케어,토너/토너패드/스킨,토너/토너패드/스킨,4.9,6716,23400,https://www.musinsa.com/products/1544515
무신사뷰티,더랩바이블랑두,저분자 히알루론산 딥 토너 500ml,70,스킨케어,스킨케어,토너/토너패드/스킨,토너/토너패드/스킨,4.9,852,37000,https://www.musinsa.com/products/3503400
무신사뷰티,이니스프리,레티놀 그린티 PDRN 스킨부스터 앰플 40mL + 사은품 증정,71,스킨케어,스킨케어,에센스/세럼/앰플,에센스/세럼/앰플,4.9,83,54150,https://www.musinsa.com/products/4667710
무신사뷰티,바이오던스,바이오 콜라겐 리얼 딥 마스크(8매입),72,스킨케어,마스크팩,마스크팩,마스크팩,4.9,463,38000,https://www.musinsa.com/products/3714794
무신사뷰티,셀인샷,EGF 알란테놀 리페어크림,73,스킨케어,스킨케어,크림,크림,4.8,213,41290,https://www.musinsa.com/products/4553347
무신사뷰티,그라운드플랜,미스트 330ml,74,스킨케어,기타,기타,기타,5.0,286,66600,https://www.musinsa.com/products/2635735
무신사뷰티,셀퓨전씨,포스트알파 퍼스트 쿨링 패드 70매 (+ 쿨링패드 30매),75,스킨케어,스킨케어,토너/토너패드/스킨,토너/토너패드/스킨,4.9,987,17500,https://www.musinsa.com/products/2587472
무신사뷰티,에스트라,아토베리어365 로션 150ml 2개,76,스킨케어,스킨케어,로션,로션,4.9,3123,59400,https://www.musinsa.com/products/3992843
무신사뷰티,아비브,[어성초토너 30ml 증정] 어성초 카밍 토너 스킨 부스터 200ml,77,스킨케어,스킨케어,토너/토너패드/스킨,토너/토너패드/스킨,4.9,148,16000,https://www.musinsa.com/products/4650498
무신사뷰티,코스알엑스,[2pack] 원스텝 패드 3종 2개 골라담기(70매x2개),78,스킨케어,스킨케어,토너/토너패드/스킨,토너/토너패드/스킨,4.9,604,25000,https://www.musinsa.com/products/4133420
무신사뷰티,토리든,다이브인 저분자 히알루론산 토너 300ml,79,스킨케어,스킨케어,토너/토너패드/스킨,토너/토너패드/스킨,4.9,1204,19000,https://www.musinsa.com/products/2584505
무신사뷰티,에스트라,아토베리어365 하이드로 에센스 200ml,80,스킨케어,스킨케어,에센스/세럼/앰플,에센스/세럼/앰플,4.9,1101,30400,https://www.musinsa.com/products/3509728
무신사뷰티,비플레인,[조구만에디션]녹두 약산성 클렌징폼 200ml 세트(증정:핸드타올),81,스킨케어,스킨케어,에센스/세럼/앰플,에센스/세럼/앰플,4.9,507,18900,https://www.musinsa.com/products/4444149
무신사뷰티,메이크프렘,[증정] 인테카 수딩 크림 80ml,82,스킨케어,스킨케어,크림,크림,4.9,1780,24320,https://www.musinsa.com/products/2409013
무신사뷰티,라운드랩,소나무 진정 시카 로션 250ml,83,스킨케어,스킨케어,로션,로션,4.9,1397,18500,https://www.musinsa.com/products/2823000
무신사뷰티,토리든,[2종세트] 다이브인 저분자 히알루론산 세럼 50ml+멀티패드 80매 (+멀티패드 2매입 3매+다이브인 마스크 1매),84,스킨케어,스킨케어,에센스/세럼/앰플,에센스/세럼/앰플,4.9,162,35900,https://www.musinsa.com/products/3429440
무신사뷰티,코스알엑스,더 레티놀 0.1 크림 20ml,85,스킨케어,스킨케어,크림,크림,4.8,2156,20000,https://www.musinsa.com/products/2775335
무신사뷰티,라운드랩,1025 독도 토너 500ml(+독도 클렌저 40ml + 워터겔 마스크 1매 증정),86,스킨케어,스킨케어,토너/토너패드/스킨,토너/토너패드/스킨,4.9,2164,24000,https://www.musinsa.com/products/1218467
무신사뷰티,라운드랩,소나무 진정 시카 토너 250ml,87,스킨케어,스킨케어,토너/토너패드/스킨,토너/토너패드/스킨,4.9,1254,17500,https://www.musinsa.com/products/2822962
무신사뷰티,오브제,포어 제로 필링 토너 + 오일 컨트롤 로션 세트,88,스킨케어,스킨케어,토너/토너패드/스킨,토너/토너패드/스킨,5.0,7,34500,https://www.musinsa.com/products/4623690
무신사뷰티,폴라초이스,10% 나이아신아마이드 부스터 앰플 20ml,89,스킨케어,스킨케어,에센스/세럼/앰플,에센스/세럼/앰플,4.8,852,60480,https://www.musinsa.com/products/3191989
무신사뷰티,빌리프,클래식 에센스 인크리멘트 50ml 세트 (+스탠머그 증정),90,스킨케어,스킨케어,에센스/세럼/앰플,에센스/세럼/앰플,4.8,72,39000,https://www.musinsa.com/products/2721063
무신사뷰티,일소,네추럴 마일드 클리어 노우즈 팩 바이오셀룰로오즈 5매입,91,스킨케어,마스크팩,마스크팩,마스크팩,4.9,1014,15000,https://www.musinsa.com/products/3634895
무신사뷰티,빌리프,클래식 크림 얼티미트 스페셜 기획세트 (+스탠머그 증정),92,스킨케어,스킨케어,크림,크림,4.8,6,44000,https://www.musinsa.com/products/4389010
무신사뷰티,이니스프리,레티놀 그린티 PDRN 스킨부스터 앰플 25mL + 사은품 증정,93,스킨케어,스킨케어,에센스/세럼/앰플,에센스/세럼/앰플,4.8,345,38000,https://www.musinsa.com/products/4291281
무신사뷰티,에스트라,아토베리어365 크림 80ml 3개,94,스킨케어,스킨케어,크림,크림,4.9,36,89100,https://www.musinsa.com/products/4656181
무신사뷰티,셀인샷,"보툴샷 100 50ml x 2개 / 모공 타이트닝, 탄력 세럼",95,스킨케어,기타,기타,기타,4.9,51,82580,https://www.musinsa.com/products/4628632
무신사뷰티,이니스프리,그린티 씨드 히알루론산 세럼 [대용량] 130mL + 사은품 증정,96,스킨케어,스킨케어,에센스/세럼/앰플,에센스/세럼/앰플,4.9,236,39150,https://www.musinsa.com/products/4238064
무신사뷰티,바이오던스,바이오 콜라겐 리얼 딥 마스크(4매입),97,스킨케어,마스크팩,마스크팩,마스크팩,4.8,627,19000,https://www.musinsa.com/products/3752607
무신사뷰티,정샘물,에센셜 물 크림 50ml (앰플선5ml 2개 + 딥클렌징폼15ml + 물크림마스크 2매 증정),98,스킨케어,스킨케어,크림,크림,4.9,522,45050,https://www.musinsa.com/products/2580162
무신사뷰티,이니스프리,레티놀 시카 흔적 앰플 30mL + 사은품 증정,99,스킨케어,스킨케어,에센스/세럼/앰플,에센스/세럼/앰플,4.8,1903,36000,https://www.musinsa.com/products/3098202
무신사뷰티,파파레서피,마데케어 연고 33g,100,스킨케어,기타,기타,기타,4.8,914,17600,https://www.musinsa.com/products/2891252
무신사뷰티,무신사 스탠다드 뷰티,[HDEX콜라보/증정기획] 액티브 워터프루프 선크림 SPF50+ PA++++ 50ml,1,베이스메이크업,선케어,선케어,선케어,4.9,417,10900,https://www.musinsa.com/products/3929361
무신사뷰티,에뛰드,순정 디렉터 수분 선크림 기획세트,2,베이스메이크업,선케어,선케어,선케어,4.9,1721,17500,https://www.musinsa.com/products/2436679
무신사뷰티,이니스프리,톤업 노세범 선스크린 EX SPF 50+ PA4+ 60mL 2개,3,베이스메이크업,선케어,선케어,선케어,4.8,442,36000,https://www.musinsa.com/products/3262900
무신사뷰티,라운드랩,1025 독도 선크림 50ml,4,베이스메이크업,선케어,선케어,선케어,4.9,1020,15900,https://www.musinsa.com/products/2782655
무신사뷰티,셀퓨전씨,레이저 썬스크린 100 35ml 2pack,5,베이스메이크업,선케어,선케어,선케어,4.9,257,17900,https://www.musinsa.com/products/4701719
무신사뷰티,토리든,[SET] 다이브인 무기자차 마일드 선크림 60ml x 2개 (+무기자차 선크림 20ml),6,베이스메이크업,선케어,선케어,선케어,4.9,1015,39000,https://www.musinsa.com/products/2959830
무신사뷰티,다슈,데일리 유브이 쉴드 골프 패치 5회분,7,베이스메이크업,선케어,선케어,선케어,5.0,5,3500,https://www.musinsa.com/products/4706739
무신사뷰티,이니스프리,히알루론 수분 선크림 SPF50+ PA4+ 50mL 2개,8,베이스메이크업,선케어,선케어,선케어,4.9,286,42000,https://www.musinsa.com/products/3262898
무신사뷰티,스킨1004,마다가스카르 센텔라 히알루-시카 워터핏 선 세럼 50ml,9,베이스메이크업,선케어,선케어,선케어,4.9,189,19000,https://www.musinsa.com/products/2512802
무신사뷰티,닥터지,브라이트닝 업 선 플러스 50ml X 2개,10,베이스메이크업,선케어,선케어,선케어,4.9,908,38000,https://www.musinsa.com/products/2496324
무신사뷰티,테,초록 35_CHOROK 35_데일리 무기자차 톤업 리핏 선쿠션 (14g),11,베이스메이크업,선케어,선케어,선케어,4.7,319,34000,https://www.musinsa.com/products/3790432
무신사뷰티,듀이트리,어반쉐이드 안티폴루션 선 SPF50+ PA++++ 40ml,12,베이스메이크업,선케어,선케어,선케어,4.9,1721,12900,https://www.musinsa.com/products/2634633
무신사뷰티,셀리맥스,오일 컨트롤 선크림 40ml,13,베이스메이크업,선케어,선케어,선케어,4.9,460,17100,https://www.musinsa.com/products/4126145
무신사뷰티,펠드아포테케,[SET]에어리 워터 선스크린 프로페셔널 37ml x 2,14,베이스메이크업,선케어,선케어,선케어,4.9,35,48000,https://www.musinsa.com/products/4095446
무신사뷰티,토리든,[SET] 다이브인 워터리 모이스처 선크림 60ml x 2개 (+무기자차 선크림 20ml),15,베이스메이크업,선케어,선케어,선케어,4.9,276,33000,https://www.musinsa.com/products/3333368
무신사뷰티,헤라,UV프로텍터 멀티디펜스SPF50+PA++++ 50ML + [사은품증정],16,베이스메이크업,선케어,선케어,선케어,4.9,499,42750,https://www.musinsa.com/products/2364099
무신사뷰티,닥터지,레드 블레미쉬 수딩 업 선 50ml X 2개,17,베이스메이크업,선케어,선케어,선케어,4.9,391,29000,https://www.musinsa.com/products/3858943
무신사뷰티,듀이트리,어반쉐이드 커버앤핏 선쿠션 SPF50+ PA++++ 14g,18,베이스메이크업,선케어,선케어,선케어,4.7,442,14400,https://www.musinsa.com/products/2637403
무신사뷰티,셀퓨전씨,토닝 썬스크린 50ml 2pack(+ 레이저 썬스크린 10ml 3pack),19,베이스메이크업,선케어,선케어,선케어,4.8,44,33000,https://www.musinsa.com/products/4307505
무신사뷰티,에스네이처,아쿠아 365 유브이 선크림 40ml,20,베이스메이크업,선케어,선케어,선케어,4.9,535,18500,https://www.musinsa.com/products/3312904
무신사뷰티,토리든,다이브인 저분자 히알루론산 멀티패드 160ml 80매,21,베이스메이크업,선케어,선케어,선케어,4.9,287,18900,https://www.musinsa.com/products/2649631
무신사뷰티,에뛰드,순정 디렉터 무기자차 선크림 기획세트,22,베이스메이크업,선케어,선케어,선케어,4.8,773,17500,https://www.musinsa.com/products/2436680
무신사뷰티,에뛰드,순정 디렉터 톤업 수정 선크림 & 폼 클렌저 기획 세트,23,베이스메이크업,선케어,선케어,선케어,4.6,235,17500,https://www.musinsa.com/products/3967959
무신사뷰티,빌리프,UV프로텍터 톤업 선 스크린 듀오 기획세트,24,베이스메이크업,선케어,선케어,선케어,4.6,25,43200,https://www.musinsa.com/products/3913861
무신사뷰티,셀퓨전씨,레이저 UV 썬스크린 50ml (+ 레이저 썬스크린 10ml),25,베이스메이크업,선케어,선케어,선케어,4.8,87,17150,https://www.musinsa.com/products/4212865
무신사뷰티,구달,맑은 어성초 진정 수분 선크림 50ml(24AD),26,베이스메이크업,선케어,선케어,선케어,4.9,473,16000,https://www.musinsa.com/products/2791535
무신사뷰티,에스트라,더마UV365 장벽수분 무기자차 선크림 40ml,27,베이스메이크업,선케어,선케어,선케어,4.8,267,29450,https://www.musinsa.com/products/3316501
무신사뷰티,에이에이치씨,마스터즈 에어리치 선스틱 14g+(GIFT)선크림 10ml,28,베이스메이크업,선케어,선케어,선케어,5.0,148,16900,https://www.musinsa.com/products/4343472
무신사뷰티,선더즈매터,쿨다운 포 스킨 릴렉스 수딩 젤 200ml,29,베이스메이크업,선케어,선케어,선케어,4.9,130,3500,https://www.musinsa.com/products/3521469
무신사뷰티,닥터지,그린 마일드 업 선 플러스 50ml X 2개,30,베이스메이크업,선케어,선케어,선케어,4.9,2186,38000,https://www.musinsa.com/products/2496302
무신사뷰티,파티온,노스카나인 잡티 프루프 선크림,31,베이스메이크업,선케어,선케어,선케어,4.9,83,9900,https://www.musinsa.com/products/2657577
무신사뷰티,톤핏선,비건 파데프리 톤업 선쿠션 12g,32,베이스메이크업,선케어,선케어,선케어,4.7,125,19200,https://www.musinsa.com/products/3840746
무신사뷰티,오드타입,워터리 톤 업 선 밀크 SPF50+ PA++++ 50ml,33,베이스메이크업,선케어,선케어,선케어,4.7,723,14900,https://www.musinsa.com/products/3809806
무신사뷰티,쉬몬브레드,에센셜 메이크업 선로션,34,베이스메이크업,선케어,선케어,선케어,4.9,92,30000,https://www.musinsa.com/products/2336446
무신사뷰티,설화수,상백 톤업 선크림 50ML,35,베이스메이크업,선케어,선케어,선케어,4.7,22,81000,https://www.musinsa.com/products/3828397
무신사뷰티,비레디,블루 수분 선크림 50ml SPF 50 PA++++,36,베이스메이크업,선케어,선케어,선케어,4.9,1480,22000,https://www.musinsa.com/products/3177639
무신사뷰티,키스,핑크 데저트 선세럼 50ml SPF50+ PA++++,37,베이스메이크업,선케어,선케어,선케어,5.0,24,23800,https://www.musinsa.com/products/4130264
무신사뷰티,에스쁘아,워터 스플래쉬 선크림 세라마이드 60ml SPF50+ PA++++,38,베이스메이크업,선케어,선케어,선케어,4.8,329,17600,https://www.musinsa.com/products/3039597
무신사뷰티,테,초록 35 _데일리 무기자차 톤업 선쿠션 리필 14g,39,베이스메이크업,선케어,선케어,선케어,4.9,46,20000,https://www.musinsa.com/products/3910075
무신사뷰티,에스쁘아,[1+1/총2개] 워터 스플래쉬 선크림 세라마이드 2개입,40,베이스메이크업,선케어,선케어,선케어,4.9,446,30800,https://www.musinsa.com/products/2875521
무신사뷰티,펠드아포테케,판테카 앰플 선스크린 30ml,41,베이스메이크업,선케어,선케어,선케어,4.8,17,49500,https://www.musinsa.com/products/4191949
무신사뷰티,헤이네이처,어성초 그린 톤업 크림,42,베이스메이크업,선케어,선케어,선케어,4.8,4,30000,https://www.musinsa.com/products/4628448
무신사뷰티,스킨푸드,베리 진정 선크림 50ml SPF50+ PA++++,43,베이스메이크업,선케어,선케어,선케어,4.8,689,21600,https://www.musinsa.com/products/3004067
무신사뷰티,토리든,다이브인 무기자차 마일드 선크림 50ml 기획세트 (+클렌징폼 30ml),44,베이스메이크업,선케어,선케어,선케어,4.9,15,24000,https://www.musinsa.com/products/4638546
무신사뷰티,토코보,바이오 워터리 선크림 50mL,45,베이스메이크업,선케어,선케어,선케어,4.9,206,21600,https://www.musinsa.com/products/3554399
무신사뷰티,선더즈매터,쿨다운 포 스킨 릴렉스 선 클리너 150ml,46,베이스메이크업,선케어,선케어,선케어,4.6,81,3500,https://www.musinsa.com/products/3656900
무신사뷰티,메디힐,수분 유브이컷 선크림 50ml,47,베이스메이크업,선케어,선케어,선케어,4.8,267,15300,https://www.musinsa.com/products/3993353
무신사뷰티,듀이트리,어반쉐이드 쿨카밍 선스틱 SPF50+ PA++++ 20g,48,베이스메이크업,선케어,선케어,선케어,4.8,1120,14400,https://www.musinsa.com/products/2637406
무신사뷰티,오드타입,[오드타입x런업 스티커증정] 오버 더 내추럴 립밤 & 워터리 톤 업 선 밀크 세트,49,베이스메이크업,선케어,선케어,선케어,4.9,71,19900,https://www.musinsa.com/products/3882625
무신사뷰티,프리메라,리페어링 세라캡슐 UV프로텍터 톤업 프라이밍 40ml,50,베이스메이크업,선케어,선케어,선케어,4.8,34,30600,https://www.musinsa.com/products/3907422
무신사뷰티,셀퓨전씨,아쿠아티카 썬스크린 100 35ml+35ml,51,베이스메이크업,선케어,선케어,선케어,4.9,35,18750,https://www.musinsa.com/products/4673454
무신사뷰티,메즈클라,아웃도어 패치 오리지널 10박스(40회분),52,베이스메이크업,선케어,선케어,선케어,0.0,0,150000,https://www.musinsa.com/products/4462975
무신사뷰티,에스트라,더마UV365 레드진정 톤업 선크림 40ml,53,베이스메이크업,선케어,선케어,선케어,4.8,114,29450,https://www.musinsa.com/products/3316512
무신사뷰티,메이크프렘,[증정] 유브이 디펜스 노세범 선크림 50ml,54,베이스메이크업,선케어,선케어,선케어,4.8,392,18240,https://www.musinsa.com/products/3536112
무신사뷰티,베이지크,리바이탈라이징 CE 선스크린 SPF50+ PA++++,55,베이스메이크업,선케어,선케어,선케어,5.0,5,34000,https://www.musinsa.com/products/4263260
무신사뷰티,닥터지,브라이트닝 업 선 플러스 35ml 1+1 기획세트,56,베이스메이크업,선케어,선케어,선케어,4.9,341,31000,https://www.musinsa.com/products/2496082
무신사뷰티,오브제,오일 컨트롤 선스틱 2개 세트,57,베이스메이크업,선케어,선케어,선케어,4.8,102,32900,https://www.musinsa.com/products/3317081
무신사뷰티,골든클리프,골든클리프 마이애미비치 태닝로션 태닝전용 인텐시파이어 400ml,58,베이스메이크업,선케어,선케어,선케어,5.0,7,129000,https://www.musinsa.com/products/4582198
무신사뷰티,이니스프리,히알루론 수분 선크림 SPF50+ PA4+ 50mL,59,베이스메이크업,선케어,선케어,선케어,4.9,74,21000,https://www.musinsa.com/products/3271752
무신사뷰티,오브제,오일 컨트롤 선스틱,60,베이스메이크업,선케어,선케어,선케어,4.8,262,18900,https://www.musinsa.com/products/3317080
무신사뷰티,토리든,밸런스풀 시카 톤업 선크림 60ml,61,베이스메이크업,선케어,선케어,선케어,4.8,297,19800,https://www.musinsa.com/products/3373035
무신사뷰티,펠드아포테케,에어리 워터 선스크린 프로페셔널 37ml,62,베이스메이크업,선케어,선케어,선케어,4.9,119,25600,https://www.musinsa.com/products/2453114
무신사뷰티,싸이닉,엔조이 슈퍼 마일드 선 에센스 50ml 2개,63,베이스메이크업,선케어,선케어,선케어,4.9,477,19000,https://www.musinsa.com/products/1654903
무신사뷰티,셀퓨전씨,어드밴스드 클리어 썬스크린 50ml (+ 레이저 썬스크린 10ml),64,베이스메이크업,선케어,선케어,선케어,5.0,9,16200,https://www.musinsa.com/products/4212808
무신사뷰티,설화수,상백선크림 50ml,65,베이스메이크업,선케어,선케어,선케어,5.0,7,81000,https://www.musinsa.com/products/4341005
무신사뷰티,듀이트리,어반 쉐이드 커버앤핏 SPF50+ PA++++ 40ml,66,베이스메이크업,선케어,선케어,선케어,4.7,279,14900,https://www.musinsa.com/products/2637385
무신사뷰티,닥터지,그린 마일드 업 선 플러스 35mL,67,베이스메이크업,선케어,선케어,선케어,4.9,249,15900,https://www.musinsa.com/products/1416109
무신사뷰티,헤라,UV프로텍터 멀티디펜스 프레쉬 SPF50+PA4+50ML,68,베이스메이크업,선케어,선케어,선케어,4.9,239,42750,https://www.musinsa.com/products/3087554
무신사뷰티,이즈앤트리,[2PACK] 어니언 프레쉬 플루이드 선크림 50ml (+어니언 뉴페어 클렌징폼 2ml 2매 증정),69,베이스메이크업,선케어,선케어,선케어,4.7,18,35500,https://www.musinsa.com/products/4630501
무신사뷰티,이니스프리,인텐시브 롱래스팅 선스크린 EX SPF 50+ PA4+ 60mL 2개,70,베이스메이크업,선케어,선케어,선케어,4.8,45,36000,https://www.musinsa.com/products/3262901
무신사뷰티,메이크프렘,[증정][2개구성] 수딩 핑크 톤업 선크림 50ml,71,베이스메이크업,선케어,선케어,선케어,4.7,59,36400,https://www.musinsa.com/products/3973983
무신사뷰티,베라모어,브라이트닝 광채 선세럼 35ml,72,베이스메이크업,선케어,선케어,선케어,4.9,123,24000,https://www.musinsa.com/products/4199431
무신사뷰티,메이크프렘,글로우 베이지 톤업 선크림 50ml,73,베이스메이크업,선케어,선케어,선케어,4.7,71,19240,https://www.musinsa.com/products/3942849
무신사뷰티,블랑디바,멀티 프로텍션 피팅 선베이스,74,베이스메이크업,선케어,선케어,선케어,4.9,44,38000,https://www.musinsa.com/products/4258641
무신사뷰티,비플레인,[2개]선뮤즈 톤업 & 코렉팅 선크림 50ml(증정: 톤업 선 10ml 2개),75,베이스메이크업,선케어,선케어,선케어,4.8,85,29800,https://www.musinsa.com/products/3572318
무신사뷰티,닥터오라클,안티박 더마 라이트 선에센스 SPF50+ PA++++ 60ml,76,베이스메이크업,선케어,선케어,선케어,0.0,0,25900,https://www.musinsa.com/products/2131625
무신사뷰티,닥터랩,메디선 프로텍트 SPF50+++,77,베이스메이크업,선케어,선케어,선케어,0.0,0,38400,https://www.musinsa.com/products/4198044
무신사뷰티,스킨푸드,베리 선크림 3종 듀오 교차 선택 가능 (나주배 클렌징 오일 30ml 증정),78,베이스메이크업,선케어,선케어,선케어,4.9,138,43200,https://www.musinsa.com/products/3239345
무신사뷰티,에스트라,더마UV365 레드진정 톤업 선크림 40ml 2ea,79,베이스메이크업,선케어,선케어,선케어,4.7,6,55800,https://www.musinsa.com/products/3951469
무신사뷰티,테,[3pack]톤업 데일리 리핏 선쿠션_무기자차_본품(14g) 3개,80,베이스메이크업,선케어,선케어,선케어,4.7,45,82900,https://www.musinsa.com/products/4145471
무신사뷰티,에이에이치씨,마스터즈 아쿠아리치 선크림 듀오세트+(GIFT)클렌징폼30ml,81,베이스메이크업,선케어,선케어,선케어,4.9,38,19900,https://www.musinsa.com/products/4343440
무신사뷰티,테,[본품1+리필1 set]초록 35_데일리 무기자차 톤업 선쿠션 세트(14gX2),82,베이스메이크업,선케어,선케어,선케어,4.7,154,50200,https://www.musinsa.com/products/3962862
무신사뷰티,스킨앤랩,하이베리어 프레쉬 선 로션 50ml ㅣ SPF50+ PA++++,83,베이스메이크업,선케어,선케어,선케어,4.8,81,22000,https://www.musinsa.com/products/2459535
무신사뷰티,러븀,대나무 히알루론산 수분 선크림 30ml,84,베이스메이크업,선케어,선케어,선케어,4.9,137,16500,https://www.musinsa.com/products/2821021
무신사뷰티,아이오페,UV쉴드 에센셜 톤업 50ml,85,베이스메이크업,선케어,선케어,선케어,4.9,114,32300,https://www.musinsa.com/products/3083740
무신사뷰티,에이에이치씨,마스터즈 에어리치 선스틱 14gx3개+(GIFT)선크림 10mlx3개,86,베이스메이크업,선케어,선케어,선케어,5.0,9,48200,https://www.musinsa.com/products/4478624
무신사뷰티,스킨푸드,베리 수분 선크림 50ml SPF50+ PA++++,87,베이스메이크업,선케어,선케어,선케어,4.8,831,21600,https://www.musinsa.com/products/3004059
무신사뷰티,포레덤,V6+안티옥시던트 멀티-디펜스 유브이 프로텍터,88,베이스메이크업,선케어,선케어,선케어,4.7,3,68000,https://www.musinsa.com/products/4647359
무신사뷰티,러블리씨씨,핑크 커버 에센스 선쿠션 SPF50+ PA+++ 15g,89,베이스메이크업,선케어,선케어,선케어,4.5,28,12000,https://www.musinsa.com/products/4259072
무신사뷰티,멜릭서,"데일리 스킨 틴트 선스크린 #21호, #23호",90,베이스메이크업,선케어,선케어,선케어,5.0,2,30000,https://www.musinsa.com/products/4174998
무신사뷰티,넘버즈인,3번 도자기결 파데스킵 톤업베이지 SPF50+ PA++++,91,베이스메이크업,선케어,선케어,선케어,4.8,212,26000,https://www.musinsa.com/products/4069735
무신사뷰티,다슈,데일리 라이트핏 선젤 50ml,92,베이스메이크업,선케어,선케어,선케어,4.8,106,11500,https://www.musinsa.com/products/561732
무신사뷰티,셀퓨전씨,토닝 썬스크린 50ml (+ 레이저 썬스크린 10ml),93,베이스메이크업,선케어,선케어,선케어,4.9,79,18000,https://www.musinsa.com/products/4297764
무신사뷰티,바이오던스,스킨 배리어 선 세이프,94,베이스메이크업,선케어,선케어,선케어,4.4,15,18000,https://www.musinsa.com/products/3301109
무신사뷰티,스킨1004,마다가스카르 센텔라 티트리카 수딩 선 밀크 50ml,95,베이스메이크업,선케어,선케어,선케어,5.0,3,20000,https://www.musinsa.com/products/4167200
무신사뷰티,아넷사,퍼펙트 UV 선스크린 스킨케어 밀크 NA 60ml,96,베이스메이크업,선케어,선케어,선케어,4.9,29,35150,https://www.musinsa.com/products/4028946
무신사뷰티,아떼,아떼 비건 릴리프 무기자차 선크림 40ml,97,베이스메이크업,선케어,선케어,선케어,4.2,18,27000,https://www.musinsa.com/products/3917708
무신사뷰티,아떼,아떼 비건 릴리프 선 에센스 40ml,98,베이스메이크업,선케어,선케어,선케어,4.9,35,27000,https://www.musinsa.com/products/3204982
무신사뷰티,톤핏선,톤핏선 비건 듀이 커버 선쿠션 12g (촉촉한 누드베이지 톤업),99,베이스메이크업,선케어,선케어,선케어,0.0,0,19200,https://www.musinsa.com/products/4724820
무신사뷰티,비레디,블루 수분선크림 50ml 듀오구성(+선크림40ml),100,베이스메이크업,선케어,선케어,선케어,5.0,558,40000,https://www.musinsa.com/products/3311324
무신사뷰티,오드타입,[신규컬러 론칭] 언씬 벌룬 틴트 12종,1,색조메이크업,립메이크업,립메이크업,립틴트,4.6,8936,17500,https://www.musinsa.com/products/3882622
무신사뷰티,헤라,블랙 쿠션 파운데이션 듀오 SPF34/PA++ 15gx2 (본품15g+리필15g),2,베이스메이크업,베이스메이크업,파운데이션/쿠션/BB/CC,파운데이션/쿠션/BB/CC,4.9,20677,70300,https://www.musinsa.com/products/1867509
무신사뷰티,헤라,센슈얼 누드 글로스 5g,3,색조메이크업,립메이크업,립메이크업,립틴트,4.8,6919,38000,https://www.musinsa.com/products/2996848
무신사뷰티,네이밍,[쿠션 스파츌라 증정] 레이어드 핏 쿠션 12g,4,베이스메이크업,베이스메이크업,파운데이션/쿠션/BB/CC,파운데이션/쿠션/BB/CC,4.8,5002,22400,https://www.musinsa.com/products/1982291
무신사뷰티,오브제,내추럴 커버 로션,5,베이스메이크업,베이스메이크업,파운데이션/쿠션/BB/CC,파운데이션/쿠션/BB/CC,4.8,2335,27900,https://www.musinsa.com/products/4085614
무신사뷰티,오프라 코스메틱,미니 하이라이터 - 클라우드9,6,베이스메이크업,베이스메이크업,블러셔/쉐이딩/하이라이터,블러셔/쉐이딩/하이라이터,4.9,3099,33000,https://www.musinsa.com/products/2980617
무신사뷰티,헤라,실키 스테이 24H 롱웨어 파운데이션 SPF20/PA++ 30g (옵션),7,베이스메이크업,베이스메이크업,파운데이션/쿠션/BB/CC,파운데이션/쿠션/BB/CC,4.9,4185,66500,https://www.musinsa.com/products/2538178
무신사뷰티,오프라 코스메틱,미니 하이라이터 - 페퍼민트,8,베이스메이크업,베이스메이크업,블러셔/쉐이딩/하이라이터,블러셔/쉐이딩/하이라이터,4.9,1340,33000,https://www.musinsa.com/products/3119684
무신사뷰티,오브제,[신규 컬러 추가] 무드 체인지 립밤 1+1 (2개),9,색조메이크업,립메이크업,립메이크업,립밤,4.9,7459,19900,https://www.musinsa.com/products/3985851
무신사뷰티,오브제,내추럴 커버 파운데이션,10,베이스메이크업,베이스메이크업,파운데이션/쿠션/BB/CC,파운데이션/쿠션/BB/CC,4.8,14067,31900,https://www.musinsa.com/products/2307295
무신사뷰티,하트퍼센트,도트 온 무드 립펜슬,11,색조메이크업,립메이크업,립메이크업,립라이너,4.8,6222,14000,https://www.musinsa.com/products/3117997
무신사뷰티,오프라 코스메틱,미니 하이라이터 - 필로우 토크,12,베이스메이크업,베이스메이크업,블러셔/쉐이딩/하이라이터,블러셔/쉐이딩/하이라이터,4.9,1226,33000,https://www.musinsa.com/products/2980528
무신사뷰티,글피오,포그밤 드렁큰 레드 3.2g + 레드파우치+샤쉐 3종,13,색조메이크업,립메이크업,립메이크업,립밤,4.8,84,21850,https://www.musinsa.com/products/4662508
무신사뷰티,네이밍,플러피 볼륨 앤 쉐딩 듀오 9.8g (+전용브러쉬 증정),14,베이스메이크업,베이스메이크업,블러셔/쉐이딩/하이라이터,블러셔/쉐이딩/하이라이터,4.8,546,20400,https://www.musinsa.com/products/4331841
무신사뷰티,정샘물,에센셜 스킨 누더 쿠션(리필포함)(쿠션퍼프2개-스프링에디션 + 톤업선베이스3ml + 물크림라이트마스크 증정),15,베이스메이크업,베이스메이크업,파운데이션/쿠션/BB/CC,파운데이션/쿠션/BB/CC,4.8,10708,38250,https://www.musinsa.com/products/2573390
무신사뷰티,네이밍,블러리 하트 립 틴트 (+미니틴트증정),16,색조메이크업,립메이크업,립메이크업,립틴트,4.3,74,14450,https://www.musinsa.com/products/4608796
무신사뷰티,헤라,블랙쿠션 리필 15g (옵션),17,베이스메이크업,베이스메이크업,파운데이션/쿠션/BB/CC,파운데이션/쿠션/BB/CC,4.9,7306,36100,https://www.musinsa.com/products/1867543
무신사뷰티,네이밍,블러리 하트 립 틴트 듀오(+미니틴트+키링+파우치증정),18,색조메이크업,립메이크업,립메이크업,립틴트,3.7,7,25500,https://www.musinsa.com/products/4608797
무신사뷰티,어바웃톤,블러 파우더 팩트(6color),19,베이스메이크업,베이스메이크업,파우더/팩트/픽서,파우더/팩트/픽서,4.8,5079,12600,https://www.musinsa.com/products/2365197
무신사뷰티,노베브,노베브 슬림 엣지 듀얼 아이라이너 7colors,20,색조메이크업,아이메이크업,아이라이너,아이라이너,4.7,100,19000,https://www.musinsa.com/products/4413706
무신사뷰티,오브제,[신규 컬러 추가] 무드 체인지 립밤,21,색조메이크업,립메이크업,립메이크업,립밤,4.9,7400,10900,https://www.musinsa.com/products/3973422
무신사뷰티,릴리바이레드,[2PACK] 러브빔 치크밤(+NEW 컬러 구매 시 빅 하트 퍼프 증정),22,베이스메이크업,베이스메이크업,블러셔/쉐이딩/하이라이터,블러셔/쉐이딩/하이라이터,4.8,419,17900,https://www.musinsa.com/products/3390274
무신사뷰티,롬앤,더 쥬시 래스팅 틴트,23,색조메이크업,립메이크업,립메이크업,립틴트,4.8,392,9900,https://www.musinsa.com/products/4618784
무신사뷰티,힐어스,숨결 컨실러 팔레트 (21호/23호),24,베이스메이크업,베이스메이크업,컨실러,컨실러,5.0,299,26100,https://www.musinsa.com/products/4244555
무신사뷰티,에뛰드,님프 광채 볼류머,25,베이스메이크업,베이스메이크업,프라이머/베이스,프라이머/베이스,4.7,2162,16000,https://www.musinsa.com/products/1947506
무신사뷰티,릴리바이레드,러브빔 치크밤 (+NEW 컬러 구매 시 빅 하트 퍼프 증정),26,베이스메이크업,베이스메이크업,블러셔/쉐이딩/하이라이터,블러셔/쉐이딩/하이라이터,4.8,843,9100,https://www.musinsa.com/products/3356602
무신사뷰티,무지개맨션,오브제 리퀴드 틴트 29종 택 2,27,색조메이크업,립메이크업,립메이크업,립틴트,4.8,32,28800,https://www.musinsa.com/products/4711001
무신사뷰티,비레디,NEW 블루 쿠션 4세대 15g(SPF 34 PA++),28,베이스메이크업,베이스메이크업,파운데이션/쿠션/BB/CC,파운데이션/쿠션/BB/CC,4.9,5721,25900,https://www.musinsa.com/products/2568474
무신사뷰티,설화수,퍼펙팅쿠션 에어리 15g*2 (본품15g+리필15g),29,베이스메이크업,베이스메이크업,파운데이션/쿠션/BB/CC,파운데이션/쿠션/BB/CC,4.9,282,80100,https://www.musinsa.com/products/4055003
무신사뷰티,설화수,퍼펙팅쿠션 에어리 15g,30,베이스메이크업,베이스메이크업,파운데이션/쿠션/BB/CC,파운데이션/쿠션/BB/CC,4.7,829,53100,https://www.musinsa.com/products/3648060
무신사뷰티,라카,프루티 글램 틴트,31,색조메이크업,립메이크업,립메이크업,립틴트,4.8,260,15000,https://www.musinsa.com/products/4610374
무신사뷰티,자빈드서울,윙크 파운데이션 팩트 15g,32,베이스메이크업,베이스메이크업,파운데이션/쿠션/BB/CC,파운데이션/쿠션/BB/CC,4.8,3236,28000,https://www.musinsa.com/products/1665261
무신사뷰티,삐아,글로우 틴트(15colors)(+헤어핀 증정),33,색조메이크업,립메이크업,립메이크업,립틴트,4.6,1176,10500,https://www.musinsa.com/products/4264751
무신사뷰티,엔트로피 메이크업,참 틴트 / 글로우 (10 colors),34,색조메이크업,립메이크업,립메이크업,립틴트,4.5,138,18000,https://www.musinsa.com/products/4459458
무신사뷰티,글피오,핑크페퍼 립 플럼퍼 10ml +하트키링+샤쉐 3종 증정,35,색조메이크업,립메이크업,립메이크업,립글로스,5.0,16,20900,https://www.musinsa.com/products/4703059
무신사뷰티,클리오,프로 아이 팔레트 에어 [증정] 전용브러쉬1P,36,색조메이크업,아이메이크업,아이섀도우,아이섀도우,4.9,2346,24800,https://www.musinsa.com/products/3485331
무신사뷰티,스틸라,헤븐스 휴 하이라이터 (오퓰런스),37,베이스메이크업,베이스메이크업,블러셔/쉐이딩/하이라이터,블러셔/쉐이딩/하이라이터,4.8,422,32000,https://www.musinsa.com/products/2592180
무신사뷰티,헤라,블러쉬,38,베이스메이크업,베이스메이크업,블러셔/쉐이딩/하이라이터,블러셔/쉐이딩/하이라이터,4.9,584,47500,https://www.musinsa.com/products/4218799
무신사뷰티,롬앤,글래스팅 컬러 글로스,39,색조메이크업,립메이크업,립메이크업,립글로스,4.8,1430,9900,https://www.musinsa.com/products/3886613
무신사뷰티,헤라,센슈얼 누드 밤 3.5g,40,색조메이크업,립메이크업,립메이크업,립스틱,4.9,2370,38000,https://www.musinsa.com/products/2996835
무신사뷰티,비레디,웨이크 업 생기 립밤 AD (옵션),41,색조메이크업,립메이크업,립메이크업,립밤,4.8,4132,9000,https://www.musinsa.com/products/3711105
무신사뷰티,힌스,로 글로우 젤 틴트,42,색조메이크업,립메이크업,립메이크업,립틴트,4.7,1463,15300,https://www.musinsa.com/products/4263133
무신사뷰티,에뛰드,컬 픽스 마스카라 & 뷰러 기획세트,43,색조메이크업,아이메이크업,마스카라,마스카라,4.8,1488,16100,https://www.musinsa.com/products/4042795
무신사뷰티,에뛰드,재창조 메이커,44,베이스메이크업,베이스메이크업,블러셔/쉐이딩/하이라이터,블러셔/쉐이딩/하이라이터,4.8,3105,11200,https://www.musinsa.com/products/3647340
무신사뷰티,글로우,낫 드라이 컨실러,45,베이스메이크업,베이스메이크업,컨실러,컨실러,4.8,904,27550,https://www.musinsa.com/products/3964369
무신사뷰티,롬앤,베러 댄 팔레트,46,색조메이크업,아이메이크업,아이섀도우,아이섀도우,4.8,2961,22900,https://www.musinsa.com/products/1893427
무신사뷰티,글로우,브리더블 비비크림,47,베이스메이크업,베이스메이크업,파운데이션/쿠션/BB/CC,파운데이션/쿠션/BB/CC,4.7,608,28500,https://www.musinsa.com/products/3761669
무신사뷰티,네이밍,듀이 글래스 립 틴트 4.5g 듀오,48,색조메이크업,립메이크업,립메이크업,립틴트,4.8,64,16000,https://www.musinsa.com/products/3780475
무신사뷰티,키스미,[2개입] 스무스 리퀴드 아이라이너 N,49,색조메이크업,아이메이크업,아이라이너,아이라이너,4.9,1442,19800,https://www.musinsa.com/products/3684329
무신사뷰티,네이밍,플러피 파우더 블러쉬 3.2g,50,베이스메이크업,베이스메이크업,블러셔/쉐이딩/하이라이터,블러셔/쉐이딩/하이라이터,4.8,2328,12750,https://www.musinsa.com/products/1985364
무신사뷰티,체이싱래빗,[2pack]올어바웃 글로우 톤업 크림,51,베이스메이크업,베이스메이크업,프라이머/베이스,프라이머/베이스,4.8,137,23400,https://www.musinsa.com/products/4246634
무신사뷰티,에스쁘아,비글로우 NEW 파운데이션 (+증정: 트루 브러쉬&미니 파운데이션 웨딩피치&믹싱 팔레트),52,베이스메이크업,베이스메이크업,파운데이션/쿠션/BB/CC,파운데이션/쿠션/BB/CC,4.6,704,35700,https://www.musinsa.com/products/4651027
무신사뷰티,삐아,[2pack] 라스트 오토 젤 아이라이너 (19color),53,색조메이크업,아이메이크업,아이라이너,아이라이너,4.8,4240,15500,https://www.musinsa.com/products/2291962
무신사뷰티,더샘,커버 퍼펙션 트리플 팟 컨실러 (5colors),54,베이스메이크업,베이스메이크업,컨실러,컨실러,4.8,3869,12700,https://www.musinsa.com/products/2981404
무신사뷰티,코스노리,블랙 틴팅 세럼 속눈썹영양제,55,색조메이크업,아이메이크업,마스카라,마스카라,4.8,1781,16000,https://www.musinsa.com/products/3439019
무신사뷰티,어바웃톤,스킨 레이어 핏 파운데이션(5color),56,베이스메이크업,베이스메이크업,파운데이션/쿠션/BB/CC,파운데이션/쿠션/BB/CC,4.7,1104,22000,https://www.musinsa.com/products/4280679
무신사뷰티,비레디,블루 파운데이션 35ml,57,베이스메이크업,베이스메이크업,파운데이션/쿠션/BB/CC,파운데이션/쿠션/BB/CC,4.9,2649,24650,https://www.musinsa.com/products/3298229
무신사뷰티,삐아,[초코비에디션 2종] 다우니치크+NEW 글로우틴트(+짱구 스티커 증정),58,베이스메이크업,베이스메이크업,블러셔/쉐이딩/하이라이터,블러셔/쉐이딩/하이라이터,4.8,60,20700,https://www.musinsa.com/products/4543218
무신사뷰티,바닐라코,프라임 프라이머 피니쉬 파우더 12g,59,베이스메이크업,베이스메이크업,파우더/팩트/픽서,파우더/팩트/픽서,4.9,4200,18000,https://www.musinsa.com/products/2584241
무신사뷰티,루나,컨실 블렌더 팔레트,60,베이스메이크업,베이스메이크업,컨실러,컨실러,4.8,1786,17900,https://www.musinsa.com/products/3692643
무신사뷰티,이니스프리,납작 아이브로우 펜슬 0.3g 2개 (옵션 선택),61,색조메이크업,아이메이크업,아이브로우,아이브로우,4.9,532,4400,https://www.musinsa.com/products/3246829
무신사뷰티,네이밍,레이어드 핏 쿠션 리필 듀오12g,62,베이스메이크업,베이스메이크업,파운데이션/쿠션/BB/CC,파운데이션/쿠션/BB/CC,4.9,0,24000,https://www.musinsa.com/products/4711050
무신사뷰티,오브제,퍼펙트 옴므 쿠션,63,베이스메이크업,베이스메이크업,파운데이션/쿠션/BB/CC,파운데이션/쿠션/BB/CC,4.9,1096,25900,https://www.musinsa.com/products/2307329
무신사뷰티,정샘물,스킨 세팅 톤 필터 베이스 (톤필터3ml + 누더파운데이션 체험분 4매 증정),64,베이스메이크업,베이스메이크업,프라이머/베이스,프라이머/베이스,4.8,40,27060,https://www.musinsa.com/products/4351429
무신사뷰티,라네즈,립 슬리핑 마스크 EX 20g + [사은품 증정],65,색조메이크업,립메이크업,립메이크업,립밤,4.9,2081,19800,https://www.musinsa.com/products/2006357
무신사뷰티,설화수,퍼펙팅쿠션 15g*2 (본품15g+리필15g),66,베이스메이크업,베이스메이크업,파운데이션/쿠션/BB/CC,파운데이션/쿠션/BB/CC,4.8,144,80100,https://www.musinsa.com/products/4054985
무신사뷰티,힌스,트루 디멘션 래디언스밤 2개 SET,67,베이스메이크업,베이스메이크업,블러셔/쉐이딩/하이라이터,블러셔/쉐이딩/하이라이터,4.6,180,46400,https://www.musinsa.com/products/4262731
무신사뷰티,네이밍,플러피 베이크드 하이라이터 3.8g,68,베이스메이크업,베이스메이크업,블러셔/쉐이딩/하이라이터,블러셔/쉐이딩/하이라이터,4.8,402,12800,https://www.musinsa.com/products/3902576
무신사뷰티,데이지크,섀도우 팔레트,69,색조메이크업,아이메이크업,아이섀도우,아이섀도우,4.8,3066,28900,https://www.musinsa.com/products/2514547
무신사뷰티,얼터너티브스테레오,립 포션 바미 로즈 11종,70,색조메이크업,립메이크업,립메이크업,립틴트,4.6,1180,16150,https://www.musinsa.com/products/3766893
무신사뷰티,롬앤,베러 댄 치크,71,베이스메이크업,베이스메이크업,블러셔/쉐이딩/하이라이터,블러셔/쉐이딩/하이라이터,4.9,3861,9400,https://www.musinsa.com/products/1497930
무신사뷰티,네이밍,플러피 파우더 블러쉬 듀오 (3.2g X 2)(+슬리핑립버터증정),72,베이스메이크업,베이스메이크업,블러셔/쉐이딩/하이라이터,블러셔/쉐이딩/하이라이터,4.9,1611,24000,https://www.musinsa.com/products/2215443
무신사뷰티,헤라,리플렉션 스킨 글로우 쿠션 파운데이션 15g,73,베이스메이크업,베이스메이크업,파운데이션/쿠션/BB/CC,파운데이션/쿠션/BB/CC,4.6,134,57000,https://www.musinsa.com/products/4678489
무신사뷰티,코스노리,롱 액티브 아이래쉬 세럼 속눈썹영양제,74,색조메이크업,아이메이크업,마스카라,마스카라,4.8,2781,16000,https://www.musinsa.com/products/1559193
무신사뷰티,오프라 코스메틱,시그니쳐 팔레트 - 오프라 글로우,75,베이스메이크업,베이스메이크업,블러셔/쉐이딩/하이라이터,블러셔/쉐이딩/하이라이터,4.8,156,64000,https://www.musinsa.com/products/2981137
무신사뷰티,오드타입,언씬 블러 틴트 14종,76,색조메이크업,립메이크업,립메이크업,립틴트,4.7,5852,16500,https://www.musinsa.com/products/3153848
무신사뷰티,헤라,메이크업 픽서 110ML,77,베이스메이크업,베이스메이크업,파우더/팩트/픽서,파우더/팩트/픽서,4.9,444,30400,https://www.musinsa.com/products/1301692
무신사뷰티,엔트로피 메이크업,브로우 블리치,78,색조메이크업,아이메이크업,아이브로우,아이브로우,4.7,442,45000,https://www.musinsa.com/products/3417088
무신사뷰티,엔트로피 메이크업,참 틴트 / 블러리 (5 Colors),79,색조메이크업,립메이크업,립메이크업,립틴트,4.5,151,18000,https://www.musinsa.com/products/4492775
무신사뷰티,시에로 코스메틱,코시에로 젤러시 플럼퍼,80,색조메이크업,립메이크업,립메이크업,립밤,4.9,175,15000,https://www.musinsa.com/products/3855184
무신사뷰티,오브제,내추럴 커버 로션 + 무드 체인지 립밤 세트,81,베이스메이크업,베이스메이크업,파운데이션/쿠션/BB/CC,파운데이션/쿠션/BB/CC,4.7,139,34900,https://www.musinsa.com/products/4085639
무신사뷰티,롬앤,[2PACK] 글래스팅 멜팅 밤 (+립 본품 1종 증정),82,색조메이크업,립메이크업,립메이크업,립글로스,4.9,72,19900,https://www.musinsa.com/products/4673213
무신사뷰티,릴리바이레드,무드키보드,83,색조메이크업,아이메이크업,아이섀도우,아이섀도우,4.8,1361,21700,https://www.musinsa.com/products/3356607
무신사뷰티,힌스,세컨 스킨 메쉬 매트 쿠션 (본품+리필 SET),84,베이스메이크업,베이스메이크업,파운데이션/쿠션/BB/CC,파운데이션/쿠션/BB/CC,4.7,288,35100,https://www.musinsa.com/products/4262713
무신사뷰티,롬앤,듀이풀 워터 틴트,85,색조메이크업,립메이크업,립메이크업,립틴트,4.8,3290,9900,https://www.musinsa.com/products/2292529
무신사뷰티,토코보,비타 글레이즈드 립 마스크 20mL,86,색조메이크업,립메이크업,립메이크업,립밤,4.8,809,18000,https://www.musinsa.com/products/3554528
무신사뷰티,헤라,센슈얼 파우더 매트 리퀴드 5g (옵션),87,색조메이크업,립메이크업,립메이크업,립틴트,4.9,2782,42750,https://www.musinsa.com/products/3093059
무신사뷰티,설화수,퍼펙팅쿠션 에어리 리필 15g,88,베이스메이크업,베이스메이크업,파운데이션/쿠션/BB/CC,파운데이션/쿠션/BB/CC,4.9,185,36900,https://www.musinsa.com/products/3648064
무신사뷰티,투쿨포스쿨,픽싱 누드 쿠션 (본품+리필),89,베이스메이크업,베이스메이크업,파운데이션/쿠션/BB/CC,파운데이션/쿠션/BB/CC,4.7,831,22900,https://www.musinsa.com/products/3438441
무신사뷰티,그라펜,트리플립™ 립센스 3.9g (+리필형 립밤 추가 증정),90,색조메이크업,립메이크업,립메이크업,립밤,4.9,3628,18800,https://www.musinsa.com/products/1258777
무신사뷰티,자빈드서울,[본품+리필]윙크 파운데이션 팩트 15g,91,베이스메이크업,베이스메이크업,파운데이션/쿠션/BB/CC,파운데이션/쿠션/BB/CC,4.8,1015,41400,https://www.musinsa.com/products/1665351
무신사뷰티,헤라,NEW 글로우 래스팅 파운데이션 35ml,92,베이스메이크업,베이스메이크업,파운데이션/쿠션/BB/CC,파운데이션/쿠션/BB/CC,4.8,563,70000,https://www.musinsa.com/products/1311210
무신사뷰티,롬앤,[2PACK] 더 쥬시 래스팅 틴트 (+더블 쥬시 미러),93,색조메이크업,립메이크업,립메이크업,립틴트,5.0,12,17900,https://www.musinsa.com/products/4618787
무신사뷰티,정샘물,아티스트 아이 팔레트 누드 (+섀도우 브러쉬 증정),94,색조메이크업,아이메이크업,아이섀도우,아이섀도우,4.7,124,36900,https://www.musinsa.com/products/4447776
무신사뷰티,이니스프리,노세범 미네랄 파우더 5g 2개,95,베이스메이크업,베이스메이크업,파우더/팩트/픽서,파우더/팩트/픽서,4.9,2471,10800,https://www.musinsa.com/products/3099266
무신사뷰티,두잉왓,스킨톤 필터 로션 (SPF 30/PA++),96,베이스메이크업,베이스메이크업,파운데이션/쿠션/BB/CC,파운데이션/쿠션/BB/CC,4.8,801,27900,https://www.musinsa.com/products/4206623
무신사뷰티,릴리바이레드,스윗 라이어 밀키 틴트,97,색조메이크업,립메이크업,립메이크업,립틴트,4.8,501,9800,https://www.musinsa.com/products/4149536
무신사뷰티,오드타입,소 터처블 워터 블러시 10종,98,베이스메이크업,베이스메이크업,블러셔/쉐이딩/하이라이터,블러셔/쉐이딩/하이라이터,4.8,2618,17900,https://www.musinsa.com/products/3450028
무신사뷰티,삐아,[2PACK] 글로우 틴트(15colors)(+로틴트 미니 증정),99,색조메이크업,립메이크업,립메이크업,립틴트,4.5,0,18200,https://www.musinsa.com/products/4572507
무신사뷰티,롬앤,블러 퍼지 틴트,100,색조메이크업,립메이크업,립메이크업,립틴트,4.8,2730,9900,https://www.musinsa.com/products/2363971
